asset_id,company_id,area_id,energy_source_id,commissioning_date_id,asset_name,generation_capacity_MW
1,15,203,1,20120202,BM-BHKW Heizwerk Kirchberg,1.189
2,14,221,1,20090114,Heizkraftwerk Osterfeld,1.9
3,3,215,1,20070619,"BGA Bitterfeld, Mühlenweg 1c, Anlage 1, BHKW",0.625
4,3,19,1,20060905,"BGA Kaakstedt, Ort Weiler 11, Anlage 1, BHKW",0.526
5,15,213,1,20061211,"BGA Garlipp, Gewerbegebiet, Anlage 1, BHKW",0.536
6,3,19,1,20060905,"BGA Kaakstedt, Ort Weiler 11, Anlage 2, BHKW",0.526
7,15,213,1,20061229,"BGA Garlipp, Sperlingsberg, Anlage 2, BHKW",0.536
8,15,213,1,20061221,"BGA Belkau, an der K1048, Anlage 1, BHKW",0.536
9,15,213,1,20061211,"BGA Belkau, Neuendorfer Weg, Anlage 2, BHKW",0.536
10,15,213,1,20070214,"BGA Schäplitz, Schäplitz , BHKW",0.536
11,3,194,1,20101119,"BGA Bernsdorf, Dresdener Str 17, BHKW1",0.834
12,3,215,1,20070711,"BGA Bitterfeld, Mühlenweg 1c, Anlage 2, BHKW",0.625
13,3,215,1,20070612,"BGA Bitterfeld, Mühlenweg 1c, Anlage 3; BHKW",0.625
14,3,215,1,20111220,"Satelliten ORC-BHKW Bitterfeld HH6, Freiherr-vom-Stein-Str. 14, ORC-BHKW 4",0.637
15,3,194,1,20140731,"BGA Bernsdorf, Dresdener Str 17, ORC-BHKW2",2.188
16,13,48,1,20071213,"BGA Wittenburg, Zur Winterwelt 2, Anlage 1, BHKW",0.716
17,3,239,1,20060123,"BGA Langenwetzendorf, Anlage I, BHKW 1",0.626
18,3,220,1,20081204,"BGA Klostermansfeld, Volkstedter Weg 4, 06308 Klostermansfeld, BHKW",0.834
19,15,222,1,20081114,"BGA Falkenstein, Froser Str. 10, BHKW 1",0.716
20,15,222,1,20201120,"BGA Falkenstein, Froser Straße 10, BHKW 2",2.004
21,13,206,1,20111202,"BGA Lichtensee, Alter Sportplatz 01, BHKW",1.191
22,15,214,1,20070312,"BGA Meßdorf, Beeser Chaussee, BHKW",0.536
23,15,214,1,20070621,"BGA Späningen, Schmersauer Str., BHKW",0.536
24,15,214,1,20070423,"BGA Berkau, K1069 Richtung Wartenberg, BHKW",0.536
25,15,211,1,20070510,"BGA Neukirchen, Neukirchen 67, BHKW",0.536
26,15,212,1,20070712,"BGA Beelitz, Dorfstraße, BHKW",0.536
27,13,48,1,20071210,"BGA Wittenburg, Zur Winterwelt 2, Anlage 2, BHKW",0.716
28,3,239,1,20060518,"BGA Langenwetzendorf, Anlage I, BHKW 2",1.021
29,13,48,1,20071213,"BGA Wittenburg, Zur Winterwelt 2, Anlage 3, BHKW",0.716
30,3,239,1,20061222,"BGA Langenwetzendorf, Anlage II, BHKW 3",1.703
31,15,217,1,20081218,"BGA Falkenstein, Zur Selkeaue 1, BHKW 3",0.716
32,3,225,1,20041101,"BGA Wanzleben, J.-W.-v.-Goethe-Straße 17, BHKW1",0.255
33,3,225,1,20041101,"BGA Wanzleben, J.-W.-v.-Goethe-Straße 17, BHKW 2",0.255
34,13,11,1,20010208,KW Pfaffenhofen Biomasse,6.1
35,15,199,1,20140116,BM-BHKW 1 Großenhain,0.405
36,15,56,1,20081211,BGA Nindorf,0.537
37,13,237,1,20061103,Bad Köstritz BHKW 1,1.043
38,3,3,1,20120201,BM-BHKW Nabern,0.936
39,13,237,1,20061103,Bad Köstritz BHKW 2,1.043
40,13,237,1,20061103,Bad Köstritz BHKW 3,1.043
41,3,207,1,20121219,BM-BHKW Limbach-Oberfrohna,0.2
42,13,237,1,20061103,Bad Köstritz BHKW 4,1.043
43,13,237,1,20161125,Bad Köstritz ORC-Anlage,0.065
44,15,202,1,20140714,BM-BHKW Johanngeorgenstadt,0.637
45,15,9,1,20140711,BM-BHKW München Westendstr,1.189
46,12,49,1,20061214,"BGA Wolgast, Netzebander Str. 1b, Anlage 1, BHKW",0.625
47,12,49,1,20061214,"BGA Wolgast, Netzebander Str. 1b, Anlage 2, BHKW",0.625
48,12,49,1,20071030,"BGA Wolgast, Netzebander Str. 1b, Anlage 3, BHKW",0.625
49,12,49,1,20101214,"BGA Wolgast, Netzebander Str. 1b, Anlage 4, BHKW",0.637
50,3,45,1,20070912,"BGA Malchin, Industriegelände 13, BHKW 1",1.064
51,3,45,1,20070912,"BGA Malchin, Industriegelände 13, BHKW 2",1.064
52,3,45,1,20070912,"BGA Malchin, Industriegelände 13, BHKW 3",1.415
53,3,45,1,20070912,"BGA Malchin, Industriegelände 13, BHKW 4",1.415
54,3,40,1,20091020,"BGA Friedrichshof, Friedrichshof 9, BHKW",0.716
55,4,52,1,20121010,T300002-02,0.0075
56,4,109,1,20140723,T021746,0.016
57,18,38,1,20181206,T023070,0.0072
58,17,191,1,20081211,Biks Modul 1,1.022
59,4,229,1,20180409,T022059,0.0072
60,4,94,1,20140703,T020780,0.387
61,4,63,1,20131105,T100032,0.8
62,18,95,1,20121204,T023004 EEG,0.25
63,4,102,1,20110804,T020772,0.14
64,18,33,1,20121212,T023024,0.386
65,4,120,1,20131031,T021047,0.156
66,4,120,1,20140723,T021049,0.022
67,4,115,1,20140724,T021388,0.022
68,4,120,1,20070214,T021046,0.034
69,4,120,1,20110518,T021572,0.6
70,4,102,1,20111123,T021616 BHKW 1,0.034
71,4,102,1,20111123,T021616 BHKW 2,0.02
72,4,105,1,20111114,T020435 -02,1.712
73,4,137,1,20120904,T020648,0.22
74,4,120,1,20090211,T021038,0.14
75,4,5,1,20121206,T100025,0.14
76,4,183,1,20121213,T100034,0.14
77,4,235,1,20090324,T022075,1.454
78,4,94,1,20161027,T022058,0.02
79,18,34,1,20131217,T023017 EEG,1.487
80,18,61,1,20140703,T023019,0.386
81,4,76,1,20131217,T022026,0.022
82,4,70,1,20131210,T022027,0.02
83,4,7,1,20121218,T100036,0.142
84,4,102,1,20090331,T021510,0.07
85,4,181,1,20120106,T300001,0.14
86,18,236,1,20120105,T023025,0.386
87,4,100,1,20091112,T021685,0.14
88,4,102,1,20130919,T021632 BHKW 20 kW,0.02
89,4,102,1,20130919,T021632 BHKW 34 kW,0.034
90,17,138,1,20081104,Biro Ronnenberg,0.2
91,4,8,1,20140717,T100050,0.26
92,4,14,1,20121205,T021737,0.383
93,3,210,1,20060717,"ORC-Anlage 08261 Schöneck, Waldstraße 1",0.56
94,3,204,1,20131217,BM-BHKW Klingenthal,1.2
95,3,201,1,20101228,BM-BHKW Hohenstein-Ernstthal,1.189
96,15,197,1,20101108,BM-BHKW Flöha,1.189
97,15,22,1,20120117,BM-BHKW Lauchhammer Grundhofstraße 49 Z,1.189
98,15,199,1,20121213,"BM-BHKW 3 Großenhain, Am Bobersberg 6 Z",1.191
99,15,198,1,20091221,"BM-BHKW Grimma 1, Bahnhofstraße 5",1.19
100,15,198,1,20131219,"BM-BHKW Grimma 3, Bahnhofstraße 5",1.189
101,15,209,1,20131212,"BM-BHKW Roßwein, Goldbornstraße",1.189
102,1,59,1,20160621,ORC-Anlage Wasserwerk Fuhrberg,0.05
103,3,18,1,20040703,BMHKW Biomasseheizkraftwerk Elsterwerda,11.5
104,3,13,1,20061222,BMHKW Biomasseheizkraftwerk Sulzbach-Rosenberg,4.54
105,3,238,1,20120104,BM-BHKW Bad Lobenstein,1.189
106,9,240,1,20131007,"EZ - Leinefelde, Boschstr. 25, BM-BHKW",2.0
107,18,232,1,20111028,T023105,0.35
108,18,232,1,20131023,T023106,0.253
109,11,50,1,20131217,"EZ - Wolgast, Schulstr. 3, BM-BHKW",1.189
110,3,40,1,20200925,"BGA Friedrichshof, Friedrichshof 9, BHKW Flex",2.004
111,15,10,1,20121213,"BM-BHKW Oberschleißheim, Am Michaelianger 2",1.189
112,18,231,1,20101221,T023016,0.387
113,15,195,1,20041001,BMKW Delitzsch,18.3
114,18,71,1,20131117,T023001,0.25
115,18,228,1,20120815,T023112,0.637
116,18,228,1,20140717,T023111,0.25
117,3,220,1,20201112,"BGA Klostermansfeld, Volkstedter Weg 4, 06308 Klostermansfeld, BHKW 2 (Flex)",2.004
118,17,191,1,20081211,BiKs Modul 2,1.022
119,17,191,1,20150416,BiKs Modul 3,0.53
120,8,89,1,20240506,Biomethan BHKW 1 Hannover Stöcken,4.5
121,8,89,1,20240327,"Biomethan BHKW Hannover Herrenhausen, Motor 1",4.5
122,3,215,1,20190721,"Satelliten ORC-BHKW Bitterfeld HH6, Freiherr-vom-Stein-Str. 14, ORC-BHKW 4, ORC-Anlage",0.046
123,8,89,1,20240403,"Biomethan BHKW Hannover Herrenhausen, Motor 2",4.5
124,8,89,1,20240403,"Biomethan BHKW Hannover Herrenhausen, Motor 4",4.5
125,8,89,1,20240404,"Biomethan BHKW Hannover Herrenhausen, Motor 5",4.5
126,8,89,1,20240405,"Biomethan BHKW Hannover Herrenhausen, Motor 3",2.0
127,8,89,1,20240506,Biomethan BHKW 2 Hannover Stöcken,4.5
128,8,89,1,20240506,Biomethan BHKW 3 Hannover Stöcken,2.0
129,8,89,1,20240506,Biomethan BHKW 4 Hannover Stöcken,4.5
130,8,89,1,20240506,Biomethan BHKW 5 Hannover Stöcken,4.5
131,3,194,1,20210114,"BGA Bernsdorf, Dresdener Str 17, ORC-Anlage",0.198
132,38,145,2,20180321,1270053,4.2
133,84,219,2,20201016,JEET2-WKA 3,3.6
134,84,219,2,20201023,JEET2-WKA 4,3.6
135,38,145,2,20180313,1270054,4.2
136,39,146,2,20171221,1270055,4.2
137,40,147,2,20171228,1270056,4.2
138,40,147,2,20180328,1270057,4.2
139,88,28,2,20030326,Beeskow-Hufenfeld 13506,2.0
140,86,69,2,20190315,Schönemoor WKA 7,3.2
141,90,29,2,20170531,KGE SS1 216722,3.3
142,82,227,2,20131218,Fischbeck 7400,2.3
143,82,227,2,20131219,Fischbeck 7401,2.3
144,82,227,2,20131220,Fischbeck 7402,2.3
145,82,227,2,20131219,Fischbeck 7403,2.3
146,82,227,2,20131221,Fischbeck 7404,2.3
147,90,29,2,20170518,KGE SS1 216723,3.3
148,90,29,2,20170518,KGE SS1 216724,3.3
149,90,29,2,20170531,KGE SS1 216725,3.3
150,90,29,2,20170613,KGE SS1 216726,3.3
151,85,23,2,20000629,Kostebrau 1850,1.65
152,85,23,2,20000628,Kostebrau 1851,1.65
153,85,23,2,20000628,Kostebrau 1852,1.65
154,85,23,2,20000627,Kostebrau 1853,1.65
155,85,23,2,20000628,Kostebrau 1854,1.65
156,85,23,2,20000629,Kostebrau 1855,1.65
157,85,21,2,20070220,Klettwitz 26414,2.0
158,85,21,2,20070618,Klettwitz 26415,2.0
159,89,39,2,20120521,Martenberg 824350,2.3
160,89,39,2,20120605,Martenberg 824351,2.3
161,89,39,2,20120831,Martenberg 824352,2.3
162,89,39,2,20120703,Martenberg 824358,2.3
163,89,39,2,20120809,Martenberg 824355,2.3
164,89,39,2,20120709,Martenberg 824359,2.3
165,51,126,2,19971027,66021,1.5
166,89,218,2,20141216,Mangelsdorf 205518,3.075
167,89,218,2,20141215,Mangelsdorf 205519,3.075
168,89,218,2,20141216,Mangelsdorf 205521,3.075
169,89,218,2,20141229,Mangelsdorf 205522,3.075
170,83,160,2,20111005,Groß Eilstorf 42881,3.075
171,83,160,2,20111006,Groß Eilstorf 42882,3.075
172,83,160,2,20111011,Groß Eilstorf 42883,3.075
173,83,160,2,20111011,Groß Eilstorf 42884,3.075
174,83,160,2,20111017,Groß Eilstorf 42885,3.075
175,83,160,2,20111104,Groß Eilstorf 42886,3.075
176,83,160,2,20111102,Groß Eilstorf 42887,3.075
177,83,160,2,20111104,Groß Eilstorf 42888,3.075
178,83,160,2,20111210,Groß Eilstorf 42889,3.075
179,83,160,2,20111125,Groß Eilstorf 42890,3.075
180,83,160,2,20111208,Groß Eilstorf 42891,3.075
181,83,160,2,20111209,Groß Eilstorf 42892,3.075
182,83,160,2,20111205,Groß Eilstorf 42893,3.075
183,83,160,2,20111212,Groß Eilstorf 42894,3.075
184,83,160,2,20111214,Groß Eilstorf 42895,3.075
185,83,160,2,20111213,Groß Eilstorf 42896,3.075
186,83,160,2,20111213,Groß Eilstorf 42897,3.075
187,88,41,2,19990916,Bergholz 6142002,0.6
188,88,44,2,19990916,Bergholz 6142003,0.6
189,88,41,2,19990916,Bergholz 6142004,0.6
190,88,41,2,19990921,Bergholz 6142005,0.6
191,88,41,2,19990922,Bergholz 6142006,0.6
192,88,41,2,19990917,Bergholz 6142007,0.6
193,88,41,2,19990917,Bergholz 6142011,0.6
194,88,41,2,19990917,Bergholz 6142012,0.6
195,88,41,2,19990930,Bergholz 6142014,0.6
196,88,41,2,19990919,Bergholz 6162019,0.6
197,88,41,2,19990919,Bergholz 6162023,0.6
198,88,46,2,20001205,Tarnow 15400229,1.5
199,88,46,2,20001212,Tarnow 15400233,1.5
200,88,46,2,20001222,Tarnow 15400236,1.5
201,88,43,2,19980813,Kladrum 6111025,0.6
202,88,42,2,19980813,Kladrum 6111026,0.6
203,88,42,2,19980813,Kladrum 6111027,0.6
204,88,42,2,19980813,Kladrum 6111028,0.6
205,88,42,2,19980813,Kladrum 6111029,0.6
206,88,42,2,19980812,Kladrum 6111030,0.6
207,88,42,2,19980812,Kladrum 6111031,0.6
208,88,42,2,19980812,Kladrum 6111032,0.6
209,88,42,2,19980812,Kladrum 6111033,0.6
210,88,42,2,19980812,Kladrum 6111034,0.6
211,88,43,2,19980812,Kladrum 6111035,0.6
212,88,43,2,19980812,Kladrum 6111036,0.6
213,88,30,2,20011212,Heinersdorf 15560550,1.5
214,88,30,2,20011212,Heinersdorf 15560551,1.5
215,88,30,2,20011212,Heinersdorf 15560552,1.5
216,33,176,2,20101209,822962,2.0
217,88,30,2,20011212,Heinersdorf 15560553,1.5
218,88,30,2,20011212,Heinersdorf 15560554,1.5
219,88,30,2,20011212,Heinersdorf 15560555,1.5
220,88,30,2,20011212,Heinersdorf 15560556,1.5
221,88,30,2,20011212,Heinersdorf 15560557,1.5
222,88,30,2,20011212,Heinersdorf 15560558,1.5
223,33,176,2,20130328,822972,2.3
224,33,176,2,20130516,822974,2.3
225,88,208,2,20020628,Heynitz 13941,2.0
226,88,208,2,20020620,Heynitz 13942,2.0
227,88,208,2,20020614,Heynitz 13943,2.0
228,88,208,2,20020508,Heynitz 13944,2.0
229,88,208,2,20020606,Heynitz 13945,2.0
230,88,208,2,20020528,Heynitz 13946,2.0
231,32,175,2,20180309,1150917,3.0
232,32,175,2,20180328,1150918,3.0
233,31,174,2,20111219,822966,2.0
234,31,174,2,20111229,822970,2.0
235,31,174,2,20120220,822968,2.0
236,30,173,2,20101222,822967,2.0
237,30,173,2,20101228,822969,2.0
238,29,172,2,20101215,822965,2.0
239,27,170,2,20101129,822963,2.0
240,28,171,2,20101117,822964,2.0
241,27,170,2,20130422,822971,2.3
242,27,170,2,20130503,822977,2.3
243,27,170,2,20130621,822975,2.3
244,28,171,2,20130524,822973,2.3
245,28,171,2,20130614,822976,2.3
246,28,171,2,20130604,825163,2.3
247,88,208,2,20020523,Heynitz 14844,1.65
248,88,208,2,20020516,Heynitz 14845,1.65
249,88,208,2,20020429,Heynitz 14846,1.65
250,88,205,2,20020503,Heynitz 14847,1.65
251,88,205,2,20020423,Heynitz 14848,1.65
252,49,177,2,20080404,781889,2.3
253,50,178,2,20080409,781888,2.3
254,43,196,2,20070504,781360,2.0
255,43,226,2,20121228,200205,2.0
256,43,226,2,20121221,200206,2.0
257,74,153,2,20101119,822032,2.0
258,68,148,2,20080708,781998,2.3
259,69,149,2,20080627,781999,2.3
260,70,150,2,20080624,782000,2.3
261,71,151,2,20091231,822029,2.0
262,71,151,2,20091231,822030,2.0
263,73,152,2,20100302,822031,2.0
264,72,118,2,20100312,822035,2.0
265,72,118,2,20100326,822036,2.0
266,73,152,2,20100304,822033,2.0
267,73,152,2,20100203,822034,2.0
268,78,68,2,20160315,826529,2.3
269,78,68,2,20161109,207382,3.3
270,34,55,2,20161116,207383,3.3
271,34,64,2,20161125,207384,3.3
272,35,65,2,20160323,920896,2.35
273,35,65,2,20160321,920897,2.35
274,36,66,2,20160330,920894,2.35
275,37,67,2,20160331,920895,2.35
276,88,17,2,20030401,Beeskow-Hufenfeld 13507,2.0
277,88,28,2,20030404,Beeskow-Hufenfeld 13508,2.0
278,88,28,2,20030410,Beeskow-Hufenfeld 13509,2.0
279,88,28,2,20021126,Beeskow-Neuendorf 13496,2.0
280,88,28,2,20021129,Beeskow-Neuendorf 13497,2.0
281,88,28,2,20021203,Beeskow-Neuendorf 13498,2.0
282,88,28,2,20021205,Beeskow-Neuendorf 13499,2.0
283,88,28,2,20021209,Beeskow-Neuendorf 13500,2.0
284,88,28,2,20021211,Beeskow-Neuendorf 13501,2.0
285,88,28,2,20021213,Beeskow-Neuendorf 13502,2.0
286,88,28,2,20021216,Beeskow-Neuendorf 13503,2.0
287,88,28,2,20021219,Beeskow-Neuendorf 13504,2.0
288,88,28,2,20021220,Beeskow-Neuendorf 13505,2.0
289,88,47,2,20020625,Rekentin 15510721,1.5
290,88,47,2,20020625,Rekentin 15510722,1.5
291,88,47,2,20020625,Rekentin 15510723,1.5
292,88,47,2,20020625,Rekentin 15510724,1.5
293,88,47,2,20020625,Rekentin 15510725,1.5
294,88,200,2,20080317,Dittelsdorf 30434,3.0
295,88,200,2,20080314,Dittelsdorf 30435,3.0
296,88,20,2,20100118,Ketzin 35179,2.0
297,88,20,2,20100125,Ketzin 35180,2.0
298,88,20,2,20091230,Ketzin 35181,2.0
299,88,20,2,20091230,Ketzin 35182,2.0
300,88,15,2,20090105,Wölsickendorf 30839,2.0
301,88,15,2,20090105,Wölsickendorf 30840,2.0
302,88,15,2,20090105,Wölsickendorf 30841,2.0
303,88,15,2,20090105,Wölsickendorf 30842,2.0
304,88,32,2,20090107,Christinendorf 31405,2.0
305,88,32,2,20090107,Christinendorf 31406,2.0
306,88,32,2,20090107,Christinendorf 31407,2.0
307,88,32,2,20090113,Christinendorf 31408,2.0
308,88,32,2,20090113,Christinendorf 31409,2.0
309,90,29,2,20191129,WKA II/16 - V 229420,3.3
310,90,29,2,20191130,WKA II/12 - V 229417,3.3
311,90,29,2,20191130,WKA II/11 - V 229416,3.3
312,90,29,2,20191206,WKA II/09 - V 229414,3.3
313,90,29,2,20191206,WKA II/10 - V 229415,3.3
314,90,24,2,20191211,WKA II/01 - V 229411,3.3
315,88,32,2,20090109,Christinendorf 31410,2.0
316,88,32,2,20090109,Christinendorf 31411,2.0
317,90,29,2,20191220,WKA II/14 - V 229419,3.3
318,90,24,2,20200110,WKA II/02 - V 229412,3.3
319,90,29,2,20200109,WKA II/03 - V 229413,3.3
320,90,29,2,20200110,WKA II/13 - V 229418,3.3
321,88,224,2,20080409,Mahlwinkel Nord 82658,2.0
322,88,224,2,20080410,MWN 82659,2.0
323,88,224,2,20080415,MWN 82660,2.0
324,88,224,2,20080417,MWN 82661,2.0
325,88,224,2,20080429,MWN 82662,2.0
326,88,224,2,20080418,MWN 82663,2.0
327,88,224,2,20080420,MWN 82664,2.0
328,88,224,2,20080527,MWN 82665,2.0
329,88,224,2,20080529,MWN 82666,2.0
330,88,224,2,20080521,MWN 82667,2.0
331,88,224,2,20080509,MWN 82668,2.0
332,88,224,2,20080521,MWN 82669,2.0
333,88,224,2,20080526,MWN 82670,2.0
334,88,224,2,20080529,MWN 82671,2.0
335,88,224,2,20080522,MWN 82672,2.0
336,88,224,2,20080523,MWN 82673,2.0
337,19,144,2,20021009,GE 15500844-01,1.5
338,19,144,2,20021010,GE 15500843-02,1.5
339,19,144,2,20021010,GE 15500842-03,1.5
340,19,144,2,20020924,GE 15500840-04,1.5
341,19,144,2,20020925,GE 15500841-05,1.5
342,51,126,2,19971031,66022,1.5
343,52,169,2,19971114,66024,1.5
344,52,169,2,19971128,66026,1.5
345,51,126,2,19980110,66031,1.5
346,51,168,2,19980402,66040,1.5
347,51,168,2,19980408,66041,1.5
348,51,168,2,19980418,66042,1.5
349,51,168,2,19980625,66051,1.5
350,52,169,2,19980130,66033,1.5
351,52,169,2,19980206,66034,1.5
352,52,169,2,19980425,66043,1.5
353,52,169,2,19980502,66044,1.5
354,52,169,2,19980508,66045,1.5
355,52,169,2,19980515,66046,1.5
356,53,142,2,19971204,66027,1.5
357,53,142,2,19980301,66028,1.5
358,53,142,2,19971219,66029,1.5
359,53,142,2,19980301,66035,1.5
360,53,142,2,19980301,66047,1.5
361,53,142,2,19980301,66048,1.5
362,53,142,2,19980301,66049,1.5
363,53,142,2,19980618,66050,1.5
364,26,141,2,19980226,66379,1.5
365,26,141,2,19980301,66038,1.5
366,26,141,2,19980326,66039,1.5
367,26,141,2,19980312,66037,1.5
368,44,155,2,20131218,825615,2.3
369,44,163,2,20131112,825618,2.3
370,44,163,2,20131203,825614,2.3
371,44,163,2,20131025,825617,2.3
372,44,155,2,20131205,784099,2.3
373,44,163,2,20131230,825616,2.3
374,61,154,2,20090120,82728,2.0
375,61,154,2,20090116,82731,2.0
376,61,154,2,20090120,82735,2.0
377,61,154,2,20090114,82734,2.0
378,51,72,2,20020227,70586,1.5
379,51,72,2,20020411,70588,1.5
380,51,72,2,20020416,70589,1.5
381,51,126,2,20050608,702320,2.0
382,51,126,2,20050601,702321,2.0
383,51,126,2,20050603,702322,2.0
384,51,126,2,20050708,48087,0.8
385,51,126,2,20050706,48088,0.8
386,62,157,2,20090113,82730,2.0
387,63,158,2,20090121,82729,2.0
388,64,143,2,20090120,82732,2.0
389,64,143,2,20090109,82733,2.0
390,65,159,2,20161222,1150406,3.0
391,57,156,2,20161205,1150405,3.0
392,57,156,2,20161229,1150407,3.0
393,54,57,2,20170208,1150509,3.0
394,54,57,2,20170228,1150510,3.0
395,54,57,2,20170327,1150511,3.0
396,54,57,2,20170330,1150512,3.0
397,55,58,2,20170421,1150513,3.0
398,58,133,2,20170327,1150581,3.0
399,58,133,2,20170327,1150583,3.0
400,58,133,2,20170427,1150584,3.0
401,58,133,2,20170531,1150585,3.0
402,58,133,2,20170330,1150586,3.0
403,58,133,2,20170420,1150587,3.0
404,59,134,2,20170522,1150578,3.0
405,59,134,2,20170228,1150582,3.0
406,60,135,2,20170428,1150579,3.0
407,60,135,2,20170425,1150580,3.0
408,45,164,2,20141006,825626,2.3
409,46,165,2,20140929,825623,2.3
410,47,166,2,20140926,825625,2.3
411,48,167,2,20140909,784100,2.3
412,48,167,2,20140926,825624,2.3
413,48,167,2,20141118,825619,2.3
414,48,167,2,20141022,825620,2.3
415,48,167,2,20141010,825622,2.3
416,48,167,2,20141212,825627,2.3
417,48,167,2,20141216,825628,2.3
418,48,125,2,20141127,825629,2.3
419,48,167,2,20141215,825630,2.3
420,48,167,2,20141205,825631,2.3
421,48,167,2,20141212,825632,2.3
422,48,167,2,20150202,825621,2.3
423,22,128,2,20031211,701500,1.8
424,22,128,2,20031212,701498,1.8
425,22,128,2,20031219,701499,1.8
426,22,128,2,20031106,701501,1.8
427,22,128,2,20031103,701502,1.8
428,22,128,2,20031107,701503,1.8
429,22,128,2,20031107,701504,1.8
430,20,123,2,20050128,702251,2.0
431,20,123,2,20071114,78868,2.0
432,21,124,2,20050125,702252,2.0
433,21,124,2,20060823,78867,2.0
434,21,124,2,20071102,78869,2.0
435,21,124,2,20071101,78870,2.0
436,66,131,2,20131204,784264,2.3
437,66,131,2,20131204,784265,2.3
438,66,131,2,20140211,784263,2.3
439,66,131,2,20140227,784266,2.3
440,23,129,2,20170728,78871,2.3
441,23,129,2,20170630,78872,2.3
442,23,129,2,20170726,78873,2.3
443,23,129,2,20170731,826987,2.35
444,23,129,2,20170726,826988,2.35
445,23,129,2,20170824,78877,2.3
446,24,130,2,20170729,78876,2.3
447,24,130,2,20170817,784967,2.3
448,67,132,2,20131219,784262,2.3
449,67,132,2,20131220,784260,2.3
450,67,132,2,20131221,784261,2.3
451,67,132,2,20131230,784259,2.3
452,67,132,2,20140203,784311,2.3
453,67,132,2,20140219,784309,2.3
454,67,132,2,20140227,784310,2.3
455,67,132,2,20140307,784267,2.3
456,67,132,2,20140326,784268,2.3
457,42,27,2,20000110,66378,1.5
458,41,26,2,20000112,66377,1.5
459,69,149,2,20240129,1030324,2.35
460,75,187,2,20240529,92510,4.5
461,75,187,2,20240429,92511,4.5
462,75,187,2,20240618,92512,4.5
463,75,187,2,20240429,92513,4.5
464,75,187,2,20240411,92514,4.5
465,75,187,2,20240619,92515,4.5
466,75,187,2,20240311,92516,4.5
467,75,187,2,20240206,92517,4.5
468,75,187,2,20240226,92518,4.5
469,75,187,2,20240228,92519,4.5
470,80,192,2,20240726,248245,3.45
471,80,190,2,20240726,248244,3.45
472,80,188,2,20240726,248239,3.45
473,80,188,2,20240730,248240,3.45
474,80,188,2,20240729,248241,3.45
475,80,188,2,20240729,248242,3.45
476,80,188,2,20240725,248243,3.45
477,87,119,2,20241205,250580,5.6
478,87,119,2,20241205,250579,5.6
479,87,119,2,20241205,250578,5.6
480,87,119,2,20241206,250577,5.6
481,36,66,2,20250210,1160246,4.2
482,81,230,2,20251128,552449160,5.5
483,81,230,2,20251128,552449161,5.5
484,79,16,2,20250627,1603360 - WKA 03,5.56
485,79,16,2,20250318,1603361 - WKA 06,5.56
486,79,16,2,20250424,1603362 - WKA 07,5.56
487,79,16,2,20250313,1603363 - WKA 09,5.56
488,79,16,2,20250711,1603364 - WKA 11,5.56
489,79,16,2,20250708,1603367 - WKA 12,5.56
490,56,127,2,20250328,1390080,4.26
491,1,81,3,19280601,WKW Schneller Graben,0.64
492,1,96,3,19990801,WKW HH1,0.37
493,1,96,3,19990801,WKW HH2,0.37
494,1,93,4,20190215,electricville PV Velberstraße 4,0.015
495,18,234,4,20011009,PV - Anlage in Husby,0.0105
496,1,79,4,20190710,electricville PV Voltastraße 14,0.02
497,1,90,4,19980101,KWH Südanbau,0.01
498,1,90,4,20081212,KWH HEC,0.067
499,1,90,4,20121126,KWH Trafowerkstatt,0.02944
500,1,90,4,20181217,KWH TAZ,0.0072
501,1,93,4,20121221,HKW Linden,0.08352
502,1,106,4,20130731,"electricville PV ""Netrada"" Teil1",0.408511
503,1,106,4,20000202,electricville PV Stromzentrale Kronsberg,0.00492
504,1,87,4,20020522,electricville PV HCC,0.05
505,1,60,4,20121024,electricville PV Wasserwerk Fuhrberg Filterhalle 1,0.163
506,1,60,4,20111222,electricville PV Wasserwerk Fuhrberg Filterhalle 2,0.185
507,1,162,4,20121220,electricville PV Wasserwerk Elze Berkhof Filterhalle 2＆3,0.221
508,1,162,4,20130830,electricville PV Wasserwerk Elze Berkhof Maschinenhalle,0.112
509,1,162,4,20130626,electricville PV Wasserwerk Elze Berkhof Kalkhausdach,0.017
510,2,179,4,20180416,Carport,0.02
511,10,223,4,20060928,PV Dodendorf,0.0046
512,1,106,4,20130830,"electricville PV ""Netrada"" Teil2",0.9421799999999999
513,1,106,4,20130904,"electricville PV ""Netrada"" Teil3",0.3494
514,2,179,4,20101227,PV Gebäude,0.00412
515,2,179,4,20111219,PV Garage,0.01269
516,2,179,4,20091022,PV Hölty-Gymnasium,0.012199999999999999
517,3,31,4,20091123,"PV-Anlage HZ Teltow, Teltow, Oderstr. 25",0.002025
518,13,12,4,20200826,PV-Anlage Pfaffenhofen,0.15
519,6,2,4,20201114,BImA - BAW Gebäude V,0.48
520,5,91,4,20170619,PV-Anlage Leinhäuser Weg,0.236
521,1,121,4,20210305,electricville PV Godshornerstr 24-26,0.09941
522,1,112,4,20210305,electricville PV Albrechtstraße 24gh,0.03
523,1,62,4,20210331,electricville PV Fuhrberger Str. 4 Celle,0.02
524,1,62,4,20210331,electricville PV Fuhrberger Str 4a Celle,0.02
525,1,111,4,20210430,electricville PV Lathusenstraße 8,0.0366
526,1,62,4,20210727,electricville PV Fuhrberger Str 2 Celle,0.02
527,1,62,4,20210727,electricville PV Fuhrberger Str 2a Celle,0.02
528,1,82,4,20210722,electricville PV Ohestraße 1B,0.023100000000000002
529,1,114,4,20210908,electricville PV Rose Senger Straße 24,0.01988
530,1,82,4,20210716,electricville PV Gustav-Bratke-Allee 7,0.00923
531,1,82,4,20210930,electricville PV Ohestraße 1E,0.01704
532,4,6,4,20211027,T022137-Solar,0.008
533,6,25,4,20220211,PVA Geflügelhof Paulinenaue,0.0726
534,1,77,4,20220228,electricville PV Cellerstraße/Hagenstraße,0.061770000000000005
535,13,12,4,20200826,PV-Anlage Pfaffenhofen Teil 2,0.2
536,10,180,4,20220211,"PV Akazienweg 18a, Coesfeld",0.0296
537,6,78,4,20220905,PV-Anlage Cellerstraße 7,0.02
538,10,180,4,20220617,"PV Am Wietkamp 16, Coesfeld",0.0296
539,76,107,4,20221221,PV Verdion,4.0
540,6,110,4,20220823,"PV-Anlage Wasserkampstraße 1, Grundschule (LHH)",0.09240000000000001
541,1,103,4,20221223,electricville PV Hildesheimer Straße 274,0.032
542,1,74,4,20230125,"electricville PV Körnerstraße 16, Hannover",0.0288
543,6,185,4,20230203,PVA Hella Recklinghausen,1.21
544,6,1,4,20230816,BImA Freiburg 7-9 (7),0.0125
545,6,1,4,20230816,BImA Freiburg 7-9 (9),0.01
546,77,189,4,20230712,PVA Eisenberg Freifläche,8.0
547,6,78,4,20230413,electricville_LHH_AmWelfenplatz,0.14175
548,1,35,4,20230330,electricville_Baakenhafen_Bauteil_B,0.01
549,1,35,4,20230330,electricville_Baakenhafen_Bauteil_D,0.008
550,1,35,4,20230330,electricville_Baakenhafen_Bauteil_E,0.006
551,6,193,4,20240809,PVA KM Meeth Zaun,0.78
552,1,111,4,20230630,electricville PV Ahldener Straße 3,0.008
553,1,111,4,20231108,electricville PV Ahldener Straße 5,0.008
554,1,111,4,20230630,electricville PV Ahldener Straße 7,0.008
555,1,111,4,20230630,electricville PV Ahldener Straße 9,0.01
556,1,111,4,20230630,electricville PV Ahldener Straße 11,0.01
557,1,111,4,20230630,electricville PV Ahldener Straße 13,0.01
558,1,111,4,20230630,electricville PV Ahldener Straße 15,0.008
559,1,111,4,20230630,electricville PV Heidering 16,0.01
560,6,98,4,20231204,electricville_LHH Grundschule In der Steinbreite,0.05
561,1,85,4,20230815,electricville PV Mendelsohnstraße 7,0.0195
562,1,85,4,20230815,electricville PV Rehbergstraße 6,0.012
563,1,82,4,20230822,"electricville PV Braunstraße 25, Hannover",0.05
564,1,93,4,20231130,electricville MS Röttgerstraße 19-29,0.0856
565,6,99,4,20240212,electricville_LHH Sportfarm Wettbergen,0.08
566,6,104,4,20240110,electricville_Sportverein-Döhren,0.05
567,6,101,4,20231018,electricville_LandNDS_HSH_1J,0.1
568,6,184,4,20240425,PVA Hella Hamm I,1.0
569,6,184,4,20240425,PVA Hella Hamm II,0.11
570,1,103,4,20240222,electricville PV Hildesheimer Str. 278,0.008
571,1,103,4,20240222,electricville PV Hildesheimer Str. 278a,0.008
572,1,103,4,20240222,electricville PV Hildesheimer Str. 278b,0.008
573,1,103,4,20240222,electricville PV Hildesheimer Str. 278c,0.008
574,10,216,4,20240130,PV Anlage,0.02
575,6,108,4,20240422,electricville_LandNDS_Expo Plaza,0.05
576,1,83,4,20240124,electricville PV Stolzestraße 22,0.012
577,16,161,4,20240628,PV-Anlage Wasserwerk Filterhalle 4,0.20618999999999998
578,1,182,4,20250213,PVA Hella Erwitte - Dachanlage,1.125
579,1,182,4,20250213,PVA Hella Erwitte - Freifläche,4.5
580,6,98,4,20240606,electricville_LHH Kita Freboldstraße,0.025
581,6,99,4,20240724,electricville_LHH Kita Bergfeldstraße,0.025
582,6,92,4,20240729,electricville_LHH Hansastraße,0.32827
583,1,37,4,20240701,electricville PV Spitzbergenweg 34a / 34d - Meierdorfer Höfe Haus 1,0.01
584,1,37,4,20240701,electricville PV Spitzbergenweg 24 - Meierdorfer Höfe Haus 2.1,0.015
585,1,37,4,20240701,electricville PV Spitzbergenweg 24a / 24b - Meierdorfer Höfe Haus 2.2 / 2.3,0.02
586,1,37,4,20240701,electricville PV Spitzbergenweg 22 / 22a / 22b - Meierdorfer Höfe Haus 3,0.018
587,1,37,4,20240701,electricville PV Spitzbergenweg 20 - Meierdorfer Höfe Haus 4,0.0088
588,1,37,4,20240701,electricville PV Spitzbergenweg 20a /20b / 20d - Meierdorfer Höfe Haus 5.1 / 5.2 / 5.3,0.038
589,10,53,4,20250429,PV Bad Salzdetfurth OT Groß Düngen,0.02
590,6,92,4,20241010,electricville_LandNDS Haltenhoff A,0.02
591,6,92,4,20241010,electricville_LandNDS Haltenhoff B,0.02
592,6,101,4,20241010,electricville_LHH Stammestraße,0.06
593,6,78,4,20241112,electricville_Land NDS Celler Str. Langbau,0.05
594,6,101,4,20241017,electricville_LandNDS_HSH_1C,0.05
595,6,75,4,20241204,electricville_LandNDS Schiffgraben,0.05
596,6,86,4,20241121,electricville_LandNDS HsH Bismarckstraße,0.098
597,6,108,4,20241208,electricville_LHH Kronsberg,0.09638
598,6,88,4,20241023,MS - Grünewaldstraße 21,0.02
599,6,108,4,20241205,electricville_LandNDS Lissabonner Allee,0.05
600,6,113,4,20240222,MS - Ilse-Ury-Weg 37,0.008
601,6,122,4,20241212,MS - Ahltener Str. Lehrte,0.01
602,6,84,4,20251201,MS - Tiestestrasse,0.02436
603,1,241,4,20241203,Docter Optics SE,0.625
604,1,241,4,20241203,Docter Optics Components Dach,0.175
605,1,241,4,20241203,Docter Optics Components Freifläche,0.70296
606,6,36,4,20250604,MS - Mesterkamp HH,0.041
607,7,116,4,20250106,ArnuN_Cont,0.0008
608,7,51,4,20250106,Ahld_Cont,0.0008
609,7,117,4,20250106,Hode_Cont,0.0008
610,7,73,4,20250106,Hade_Cont,0.0008
611,6,97,4,20250109,electricville_Fössestraße,0.05
612,1,90,4,20231117,electricville PV MS Gretelriede Innersteweg,0.09
613,1,233,4,20230817,"electricville PV MS - Ladestraße 7, Hasloh",0.01
614,1,233,4,20240620,"electricville PV MS - Dörpsring 27b, Hasloh",0.008
615,25,54,4,20250228,PVA Binder BA1,8.4
616,25,54,4,20250429,PVA Binder BA2,5.28
617,1,139,4,20250521,GHG-PV electricvilleSolution,0.44
618,1,4,4,20250610,electricville PV MS Herman Löns Str. Ludwigsburg,0.08881
619,1,136,4,20250515,Land NDS RNW | Finanzamt Oldenburg,0.0968
620,6,80,4,20250513,electricville_LandNDS_WSP,0.02
621,6,80,4,20250801,LHH_Vahrenwalder Bad,0.03
622,6,108,4,20250910,Verdion III,0.88
623,6,140,4,20251103,Stadt Ronnenberg FW Weetzen,0.025
624,6,140,4,20251103,Stadt Ronnenberg Sporthaus Benthe,0.0241
625,1,186,4,20251009,WIRUS Rietberg,1.1
