Start date;End date;Biomass [MWh] Calculated resolutions;Hydropower [MWh] Calculated resolutions;Wind onshore [MWh] Calculated resolutions;Photovoltaics [MWh] Calculated resolutions;Other renewable [MWh] Calculated resolutions;Nuclear [MWh] Calculated resolutions;Hard coal [MWh] Calculated resolutions;Fossil gas [MWh] Calculated resolutions;Hydro pumped storage [MWh] Calculated resolutions;Other conventional [MWh] Calculated resolutions
Jan 1, 2025;Jan 2, 2025;10,716.25;11,871.00;26,833.50;15,078.25;240.00;-;37,529.75;14,433.00;2,528.00;2,856.00
Jan 2, 2025;Jan 3, 2025;10,797.75;11,661.50;19,857.00;2,216.00;240.00;-;40,803.00;9,159.25;8,649.25;2,856.00
Jan 3, 2025;Jan 4, 2025;10,627.00;12,730.50;11,699.00;6,865.25;240.00;-;53,156.50;15,211.75;3,059.25;2,861.75
Jan 4, 2025;Jan 5, 2025;10,847.75;12,989.00;4,962.25;9,762.50;240.00;-;35,544.75;7,822.25;9,973.25;2,859.00
Jan 5, 2025;Jan 6, 2025;10,959.50;14,039.75;22,005.00;3,055.50;240.00;-;11,243.25;7,725.00;3,862.75;2,856.00
Jan 6, 2025;Jan 7, 2025;11,077.25;15,333.50;30,112.75;9,019.00;240.00;-;26,199.00;7,558.25;1,994.25;2,856.00
Jan 7, 2025;Jan 8, 2025;11,112.00;15,419.00;28,068.75;9,790.75;240.00;-;41,483.50;9,078.50;7,462.25;2,856.00
Jan 8, 2025;Jan 9, 2025;11,161.75;14,945.25;12,115.25;1,948.50;240.00;-;61,904.50;11,892.00;9,726.75;3,197.00
Jan 9, 2025;Jan 10, 2025;11,249.00;15,362.00;32,326.75;5,962.75;240.00;-;58,509.75;8,090.75;13,884.75;3,061.75
Jan 10, 2025;Jan 11, 2025;11,363.00;16,050.50;13,347.50;13,141.00;240.00;-;53,680.75;9,063.75;8,419.25;2,856.25
Jan 11, 2025;Jan 12, 2025;11,362.75;15,838.75;5,107.25;11,294.00;240.00;-;54,302.25;9,441.00;3,257.25;2,995.25
Jan 12, 2025;Jan 13, 2025;11,402.25;16,922.25;6,014.25;13,483.25;240.00;-;49,304.75;9,391.00;9,351.50;2,856.00
Jan 13, 2025;Jan 14, 2025;11,245.50;17,620.00;9,730.75;15,586.00;240.00;-;60,319.25;9,042.75;15,917.00;7,167.50
Jan 14, 2025;Jan 15, 2025;11,117.75;17,159.25;5,897.00;20,988.75;240.00;-;54,977.00;15,471.50;10,518.00;8,539.75
Jan 15, 2025;Jan 16, 2025;11,045.00;17,044.25;2,611.50;4,796.25;240.00;-;57,498.75;13,514.25;15,434.50;4,732.50
Jan 16, 2025;Jan 17, 2025;11,205.25;16,450.75;6,666.00;10,781.50;240.00;-;55,665.00;11,518.75;14,917.50;2,870.25
Jan 17, 2025;Jan 18, 2025;11,315.50;16,755.00;3,652.00;3,549.00;240.00;-;57,486.25;10,059.00;16,406.75;4,011.25
Jan 18, 2025;Jan 19, 2025;11,353.75;15,211.75;4,017.75;11,135.25;240.00;-;58,754.50;9,402.50;9,806.50;2,856.00
Jan 19, 2025;Jan 20, 2025;11,369.75;13,797.00;6,785.75;15,760.75;240.00;-;53,387.75;9,299.50;4,589.00;2,856.00
Jan 20, 2025;Jan 21, 2025;11,418.00;16,518.25;2,181.00;12,276.00;240.00;-;65,838.50;8,927.75;18,909.75;4,084.75
Jan 21, 2025;Jan 22, 2025;11,363.25;17,032.75;1,922.25;14,258.50;240.00;-;68,341.75;11,949.25;16,075.75;4,473.00
Jan 22, 2025;Jan 23, 2025;11,301.00;14,725.00;9,895.00;7,134.50;240.00;-;66,016.25;8,094.50;13,222.25;3,318.50
Jan 23, 2025;Jan 24, 2025;11,284.25;12,542.50;24,269.75;7,980.00;240.00;-;62,118.25;9,761.25;6,962.75;2,902.25
Jan 24, 2025;Jan 25, 2025;11,254.50;12,587.00;21,976.00;11,383.75;240.00;-;56,323.50;8,008.00;2,809.75;2,856.00
Jan 25, 2025;Jan 26, 2025;11,402.25;11,816.00;16,411.00;13,230.75;240.00;-;32,405.00;7,771.00;9,813.00;2,856.00
Jan 26, 2025;Jan 27, 2025;11,296.50;12,090.50;21,691.00;16,163.25;240.00;-;35,007.25;7,606.50;6,269.25;2,856.00
Jan 27, 2025;Jan 28, 2025;11,350.25;12,805.25;29,491.25;4,773.75;240.00;-;36,835.75;10,756.75;4,997.50;2,856.00
Jan 28, 2025;Jan 29, 2025;11,389.50;16,425.25;15,763.00;6,802.25;240.00;-;41,242.50;7,873.25;12,194.25;2,856.00
Jan 29, 2025;Jan 30, 2025;11,238.00;16,152.00;21,715.50;14,176.50;240.00;-;38,925.00;8,007.00;8,404.25;2,865.50
Jan 30, 2025;Jan 31, 2025;11,153.75;17,326.50;7,802.25;14,225.00;240.00;-;60,037.00;8,039.75;10,383.50;2,856.00
Jan 31, 2025;Feb 1, 2025;11,208.00;15,452.50;4,582.25;13,122.00;240.00;-;60,054.75;8,150.25;8,417.75;2,856.00
Feb 1, 2025;Feb 2, 2025;11,238.50;14,347.50;14,196.75;20,619.75;240.00;-;64,057.75;8,059.75;6,539.25;2,856.00
Feb 2, 2025;Feb 3, 2025;11,279.00;13,662.25;4,918.75;16,626.75;240.00;-;57,330.50;7,960.75;4,024.50;2,856.00
Feb 3, 2025;Feb 4, 2025;11,163.50;15,425.50;499.25;8,954.00;240.00;-;43,579.75;8,143.00;15,597.75;2,857.00
Feb 4, 2025;Feb 5, 2025;11,176.00;15,045.50;258.50;14,595.75;240.00;-;56,239.00;8,487.00;13,852.00;2,856.00
Feb 5, 2025;Feb 6, 2025;11,095.75;14,720.25;2,598.25;22,739.50;240.00;-;63,718.25;8,218.50;11,724.25;3,105.00
Feb 6, 2025;Feb 7, 2025;11,023.00;14,400.50;4,860.75;4,181.00;240.00;-;65,645.00;8,285.00;12,018.25;2,856.00
Feb 7, 2025;Feb 8, 2025;11,226.25;12,010.50;14,426.50;15,650.50;240.00;-;67,383.75;8,276.00;2,688.75;3,524.75
Feb 8, 2025;Feb 9, 2025;11,213.50;11,873.50;11,058.75;28,548.75;240.00;-;56,111.50;8,076.00;1,938.00;2,856.00
Feb 9, 2025;Feb 10, 2025;11,088.25;11,057.00;2,467.75;17,343.25;240.00;-;57,430.25;10,438.00;4,259.25;2,856.00
Feb 10, 2025;Feb 11, 2025;11,216.00;11,824.00;7,492.00;14,354.75;240.00;-;69,869.50;12,482.00;6,961.00;3,421.25
Feb 11, 2025;Feb 12, 2025;11,054.00;12,887.50;8,181.00;5,948.50;240.00;-;67,644.75;12,254.00;9,653.75;2,856.00
Feb 12, 2025;Feb 13, 2025;11,196.00;14,446.00;7,605.50;8,770.00;240.00;-;66,818.00;11,476.75;10,729.75;2,856.00
Feb 13, 2025;Feb 14, 2025;10,996.00;16,635.75;4,057.50;4,958.50;240.00;-;65,953.25;8,479.75;16,679.25;2,856.00
Feb 14, 2025;Feb 15, 2025;11,075.75;16,449.25;3,424.75;2,057.25;240.00;-;61,047.25;9,108.00;16,101.50;3,608.00
Feb 15, 2025;Feb 16, 2025;11,089.75;16,151.25;3,369.00;10,330.25;240.00;-;64,741.50;8,269.75;9,015.25;2,856.00
Feb 16, 2025;Feb 17, 2025;11,057.00;13,872.00;8,046.00;7,503.00;240.00;-;62,535.25;8,280.00;3,278.75;2,856.00
Feb 17, 2025;Feb 18, 2025;10,761.25;14,262.00;8,209.00;21,676.50;240.00;-;63,198.25;8,323.25;11,888.75;2,856.00
Feb 18, 2025;Feb 19, 2025;10,928.25;13,183.50;14,034.50;29,046.25;240.00;-;59,578.75;8,298.25;8,870.00;2,856.00
Feb 19, 2025;Feb 20, 2025;10,926.00;12,597.25;14,800.00;27,552.00;240.00;-;60,545.50;8,111.25;7,007.75;2,856.00
Feb 20, 2025;Feb 21, 2025;10,805.75;12,108.75;3,765.25;16,908.50;240.00;-;54,454.50;9,810.25;11,316.00;2,856.00
Feb 21, 2025;Feb 22, 2025;10,787.00;11,803.50;6,192.25;30,201.25;240.00;-;43,946.25;7,954.75;4,952.75;2,856.00
Feb 22, 2025;Feb 23, 2025;10,913.75;12,303.00;4,884.50;18,972.00;240.00;-;19,378.25;7,577.75;8,385.00;2,856.00
Feb 23, 2025;Feb 24, 2025;10,810.50;12,241.75;4,140.75;20,238.00;240.00;-;14,031.00;7,558.00;6,894.00;2,856.00
Feb 24, 2025;Feb 25, 2025;10,864.00;10,995.75;7,385.50;12,878.00;240.00;-;37,492.50;7,939.25;2,698.75;2,856.00
Feb 25, 2025;Feb 26, 2025;10,845.00;13,092.25;7,787.50;10,563.00;240.00;-;59,536.50;9,485.75;12,232.00;3,473.00
Feb 26, 2025;Feb 27, 2025;11,097.00;13,203.00;16,828.00;7,208.25;240.00;-;61,093.25;9,590.25;8,917.50;3,367.75
Feb 27, 2025;Feb 28, 2025;11,195.50;12,426.75;12,746.00;17,474.00;240.00;-;55,102.75;9,611.75;6,310.75;2,856.00
Feb 28, 2025;Mar 1, 2025;11,297.75;11,474.50;6,274.75;13,613.50;240.00;-;59,821.00;9,623.00;7,602.50;2,856.00
Mar 1, 2025;Mar 2, 2025;11,191.50;10,987.00;9,112.25;22,183.00;240.00;-;56,326.25;9,633.00;7,843.25;2,856.00
Mar 2, 2025;Mar 3, 2025;11,281.50;11,629.75;12,143.00;40,621.50;240.00;-;37,264.75;9,046.25;4,866.50;2,856.00
Mar 3, 2025;Mar 4, 2025;11,013.50;12,517.25;5,451.50;42,446.50;240.00;-;48,803.25;9,648.00;8,642.75;2,856.00
Mar 4, 2025;Mar 5, 2025;10,984.00;11,813.50;2,201.75;39,919.00;240.00;-;47,924.00;9,184.50;9,891.75;2,856.00
Mar 5, 2025;Mar 6, 2025;11,117.25;10,927.25;1,194.50;41,773.25;240.00;-;36,515.00;9,138.00;9,449.50;2,856.00
Mar 6, 2025;Mar 7, 2025;11,146.75;10,526.00;2,027.25;41,592.75;240.00;-;33,364.75;9,028.25;8,868.00;3,181.25
Mar 7, 2025;Mar 8, 2025;10,946.75;10,650.50;1,395.50;40,948.25;240.00;-;34,254.50;8,971.50;8,678.25;2,856.00
Mar 8, 2025;Mar 9, 2025;11,003.00;9,529.00;2,611.00;41,661.25;240.00;-;18,156.50;8,844.75;7,535.25;2,856.00
Mar 9, 2025;Mar 10, 2025;11,051.00;9,374.75;3,302.75;40,878.50;240.00;-;17,010.50;8,248.75;6,470.75;2,856.00
Mar 10, 2025;Mar 11, 2025;10,790.75;9,510.75;8,698.25;12,490.00;240.00;-;42,207.00;8,144.75;7,837.50;2,856.00
Mar 11, 2025;Mar 12, 2025;10,698.25;9,039.00;5,198.75;30,583.00;240.00;-;52,687.75;7,876.00;6,658.25;2,856.00
Mar 12, 2025;Mar 13, 2025;10,790.50;10,042.25;1,174.75;7,451.75;240.00;-;64,967.25;8,059.25;10,537.25;4,007.00
Mar 13, 2025;Mar 14, 2025;10,716.00;11,278.75;2,441.25;12,880.50;240.00;-;60,852.25;8,174.00;9,833.25;2,856.00
Mar 14, 2025;Mar 15, 2025;10,816.50;12,632.00;3,510.75;12,628.75;240.00;-;60,934.75;8,214.00;9,196.25;2,856.00
Mar 15, 2025;Mar 16, 2025;10,899.25;10,309.75;19,433.50;11,431.50;240.00;-;13,418.25;8,040.00;4,295.25;2,856.00
Mar 16, 2025;Mar 17, 2025;10,858.50;8,860.25;8,510.75;17,210.75;240.00;-;16,764.25;7,793.50;6,254.50;2,856.00
Mar 17, 2025;Mar 18, 2025;10,881.00;9,339.50;12,438.50;31,352.00;240.00;-;39,376.00;7,687.00;7,940.50;2,856.00
Mar 18, 2025;Mar 19, 2025;10,888.50;9,117.75;19,353.25;50,384.50;240.00;-;49,042.75;7,560.00;6,967.25;2,856.00
Mar 19, 2025;Mar 20, 2025;10,863.75;8,882.00;4,093.00;48,552.00;240.00;-;49,671.75;7,705.00;8,901.25;2,980.75
Mar 20, 2025;Mar 21, 2025;10,782.00;8,770.00;2,094.50;40,514.75;240.00;-;54,295.50;7,876.25;8,055.25;2,856.00
Mar 21, 2025;Mar 22, 2025;10,626.50;8,594.25;12,102.00;35,179.50;240.00;-;27,757.75;7,793.50;7,550.00;3,042.00
Mar 22, 2025;Mar 23, 2025;10,757.00;9,784.50;10,024.25;36,020.50;240.00;-;20,408.75;7,568.00;3,548.50;2,856.00
Mar 23, 2025;Mar 24, 2025;10,636.25;9,426.25;5,744.00;21,488.75;240.00;-;22,138.25;7,646.50;5,611.00;2,856.00
Mar 24, 2025;Mar 25, 2025;10,631.75;8,965.25;1,869.00;23,386.25;240.00;-;35,355.75;7,818.75;11,197.75;2,856.00
Mar 25, 2025;Mar 26, 2025;10,609.50;9,967.50;1,787.75;29,325.25;240.00;-;42,173.50;7,810.25;5,674.25;3,109.75
Mar 26, 2025;Mar 27, 2025;10,713.75;9,154.75;3,058.50;12,144.50;240.00;-;60,361.50;7,824.00;8,642.50;2,856.00
Mar 27, 2025;Mar 28, 2025;10,480.00;8,116.75;5,413.75;33,101.75;240.00;-;44,888.00;7,813.25;8,325.75;2,856.00
Mar 28, 2025;Mar 29, 2025;10,769.25;8,502.00;3,937.00;44,252.25;240.00;-;21,231.50;7,786.25;6,483.50;2,856.00
Mar 29, 2025;Mar 30, 2025;10,817.75;8,481.75;6,372.00;18,237.75;240.00;-;13,139.25;7,712.50;9,274.75;3,036.25
Mar 30, 2025;Mar 31, 2025;10,234.00;9,662.75;12,572.75;30,708.25;230.00;-;21,326.50;7,268.00;2,036.75;2,737.00
Mar 31, 2025;Apr 1, 2025;10,362.00;8,581.50;12,397.25;18,236.25;240.00;-;31,000.00;7,727.50;8,550.25;3,251.50
Apr 1, 2025;Apr 2, 2025;10,314.00;8,300.25;21,388.50;28,874.00;240.00;-;32,628.75;7,575.00;5,344.25;2,856.00
Apr 2, 2025;Apr 3, 2025;10,311.00;8,463.50;31,433.50;47,944.50;240.00;-;29,135.25;7,631.25;6,853.25;2,856.00
Apr 3, 2025;Apr 4, 2025;10,467.50;8,024.25;19,026.00;49,059.50;240.00;-;31,522.50;7,616.50;7,624.25;2,962.00
Apr 4, 2025;Apr 5, 2025;10,656.25;8,434.00;9,820.00;49,904.75;240.00;-;39,477.25;7,579.00;8,385.50;2,856.00
Apr 5, 2025;Apr 6, 2025;10,706.25;8,101.50;7,957.25;46,848.50;240.00;-;10,755.75;7,584.00;6,931.75;2,856.00
Apr 6, 2025;Apr 7, 2025;10,603.00;7,783.00;18,584.25;54,642.00;240.00;-;13,686.50;7,571.50;5,613.75;2,856.00
Apr 7, 2025;Apr 8, 2025;10,165.50;7,846.25;13,571.25;53,080.00;240.00;-;34,181.50;7,574.50;8,687.25;2,856.00
Apr 8, 2025;Apr 9, 2025;10,219.75;9,639.25;7,615.25;51,000.25;240.00;-;45,635.75;7,816.00;10,254.00;2,856.00
Apr 9, 2025;Apr 10, 2025;10,075.75;10,591.50;5,171.75;46,711.50;240.00;-;29,081.50;7,827.25;9,902.50;2,856.00
Apr 10, 2025;Apr 11, 2025;9,852.00;8,601.75;3,548.50;47,422.00;240.00;-;33,139.50;8,063.50;11,393.75;2,927.75
Apr 11, 2025;Apr 12, 2025;10,319.25;9,484.50;3,232.25;50,314.50;240.00;-;35,086.00;8,040.75;10,319.50;2,856.00
Apr 12, 2025;Apr 13, 2025;10,406.75;7,803.00;7,408.75;48,799.00;240.00;-;18,487.00;7,889.75;11,524.50;2,856.00
Apr 13, 2025;Apr 14, 2025;10,396.50;8,311.50;11,342.50;23,985.00;240.00;-;21,287.25;7,788.25;5,608.75;2,856.00
Apr 14, 2025;Apr 15, 2025;10,048.25;9,654.50;4,461.75;37,533.00;240.00;-;39,927.75;8,040.50;10,998.25;2,876.00
Apr 15, 2025;Apr 16, 2025;9,975.50;9,549.25;8,359.50;30,855.50;240.00;-;52,616.50;7,871.00;8,107.50;3,090.00
Apr 16, 2025;Apr 17, 2025;9,976.00;10,596.50;11,318.75;32,528.50;240.00;-;35,069.75;7,748.25;8,906.00;2,870.00
Apr 17, 2025;Apr 18, 2025;10,009.00;10,570.75;6,200.50;8,199.00;240.00;-;34,264.50;8,076.50;10,313.25;2,859.25
Apr 18, 2025;Apr 19, 2025;10,009.75;9,739.00;6,989.25;13,752.00;240.00;-;35,241.50;7,982.50;8,034.00;2,867.75
Apr 19, 2025;Apr 20, 2025;10,154.50;10,010.25;1,920.50;49,104.75;240.00;-;6,819.75;7,701.50;7,717.25;2,883.00
Apr 20, 2025;Apr 21, 2025;10,252.25;9,241.75;11,540.00;34,128.75;240.00;-;3,964.25;7,890.00;9,522.25;2,857.75
Apr 21, 2025;Apr 22, 2025;10,175.00;9,136.50;6,255.00;29,623.00;240.00;-;13,716.25;8,041.75;8,084.00;2,859.50
Apr 22, 2025;Apr 23, 2025;9,948.50;9,811.25;3,796.25;36,030.25;240.00;-;41,488.00;8,058.00;8,676.00;2,861.00
Apr 23, 2025;Apr 24, 2025;9,895.25;9,714.00;5,000.75;36,125.75;240.00;-;45,600.00;7,872.00;5,795.50;2,867.00
Apr 24, 2025;Apr 25, 2025;9,844.25;12,591.50;5,563.50;22,949.50;240.00;-;17,039.50;8,085.00;9,276.00;3,057.00
Apr 25, 2025;Apr 26, 2025;10,118.75;12,501.00;2,903.00;22,404.25;240.00;-;14,607.00;8,225.50;10,873.25;3,031.75
Apr 26, 2025;Apr 27, 2025;10,176.50;9,271.00;13,440.25;23,244.50;240.00;-;7,055.75;7,988.50;8,459.00;2,856.00
Apr 27, 2025;Apr 28, 2025;10,141.00;8,724.75;9,938.25;50,565.50;240.00;-;5,713.25;7,878.00;7,348.75;2,856.00
Apr 28, 2025;Apr 29, 2025;10,002.25;10,204.50;1,922.75;52,748.75;240.00;-;11,481.75;8,024.75;9,626.25;2,856.00
Apr 29, 2025;Apr 30, 2025;9,834.75;11,286.25;3,831.75;52,791.75;240.00;-;11,618.00;7,911.00;8,382.00;2,856.00
Apr 30, 2025;May 1, 2025;9,801.00;10,068.75;3,627.50;53,106.75;240.00;-;11,297.25;7,962.50;8,516.75;2,856.00
May 1, 2025;May 2, 2025;9,710.75;9,218.00;830.25;53,962.50;240.00;-;7,409.75;7,785.25;8,234.50;2,856.00
May 2, 2025;May 3, 2025;9,560.00;10,159.00;2,794.00;52,202.00;240.00;-;10,274.50;7,887.75;7,618.00;2,856.00
May 3, 2025;May 4, 2025;9,628.50;9,715.50;17,616.75;29,965.50;240.00;-;5,391.00;8,048.50;6,398.50;2,856.00
May 4, 2025;May 5, 2025;9,570.75;10,309.50;5,926.50;18,785.50;240.00;-;5,671.00;7,709.00;5,829.00;2,856.00
May 5, 2025;May 6, 2025;9,472.00;12,519.00;14,520.50;22,235.25;240.00;-;10,615.75;8,158.00;8,048.50;3,027.50
May 6, 2025;May 7, 2025;9,479.75;15,639.50;8,692.00;35,070.75;240.00;-;11,888.50;8,153.50;11,047.25;2,856.00
May 7, 2025;May 8, 2025;9,508.50;15,368.75;12,406.00;41,259.00;240.00;-;19,626.75;8,269.75;10,379.00;2,856.00
May 8, 2025;May 9, 2025;9,437.00;15,359.25;5,992.25;28,165.75;240.00;-;9,076.75;8,369.75;12,107.25;2,856.00
May 9, 2025;May 10, 2025;9,560.00;14,802.75;12,059.00;51,239.25;240.00;-;12,876.25;8,112.25;8,910.75;2,856.00
May 10, 2025;May 11, 2025;9,456.50;12,604.00;6,061.00;58,281.50;240.00;-;6,018.25;7,991.00;10,436.25;2,856.00
May 11, 2025;May 12, 2025;9,507.75;11,338.75;6,447.25;57,984.75;240.00;-;3,694.75;7,824.50;7,258.50;2,856.00
May 12, 2025;May 13, 2025;9,589.00;12,578.50;6,084.50;53,823.00;240.00;-;7,500.25;7,787.50;9,462.75;2,856.00
May 13, 2025;May 14, 2025;9,496.25;12,724.00;4,154.75;53,596.75;240.00;-;10,971.00;7,841.50;12,289.25;2,896.25
May 14, 2025;May 15, 2025;9,495.50;11,897.00;2,253.00;56,295.25;240.00;-;14,921.00;7,708.00;6,866.00;3,232.00
May 15, 2025;May 16, 2025;9,563.50;10,207.50;8,719.00;52,244.75;240.00;-;9,295.00;7,888.00;9,708.50;2,856.00
May 16, 2025;May 17, 2025;9,627.50;10,902.25;4,167.25;43,106.00;240.00;-;8,832.75;7,568.75;9,336.50;2,856.00
May 17, 2025;May 18, 2025;9,567.25;10,095.50;3,202.25;40,647.25;240.00;-;5,433.00;7,759.00;7,909.25;2,856.00
May 18, 2025;May 19, 2025;9,569.00;10,783.50;5,887.00;48,648.50;240.00;-;4,740.25;8,010.00;4,663.50;2,856.00
May 19, 2025;May 20, 2025;9,573.75;10,542.50;3,166.00;56,441.75;240.00;-;15,835.75;8,063.50;10,226.50;2,856.00
May 20, 2025;May 21, 2025;9,389.00;13,352.00;5,827.50;44,182.25;240.00;-;23,508.25;7,956.00;6,903.75;2,856.00
May 21, 2025;May 22, 2025;9,308.75;12,635.50;3,140.50;27,175.00;240.00;-;13,309.25;7,671.25;6,880.25;2,856.00
May 22, 2025;May 23, 2025;9,441.00;14,477.50;7,221.00;26,766.00;240.00;-;15,445.50;7,741.00;6,576.50;3,258.50
May 23, 2025;May 24, 2025;9,468.75;14,277.25;3,905.50;43,858.25;240.00;-;9,271.25;7,592.00;7,514.75;2,856.00
May 24, 2025;May 25, 2025;9,630.25;12,054.25;2,625.00;49,995.50;240.00;-;5,614.25;7,577.25;6,443.50;2,856.00
May 25, 2025;May 26, 2025;9,766.25;9,709.50;15,638.75;25,283.50;240.00;-;4,779.00;7,706.00;7,064.00;2,856.00
May 26, 2025;May 27, 2025;9,516.50;12,478.25;12,400.25;38,554.50;240.00;-;5,990.00;8,122.00;8,061.00;2,856.00
May 27, 2025;May 28, 2025;9,379.25;12,448.50;7,732.00;35,854.50;240.00;-;8,203.75;7,779.00;6,364.00;2,856.00
May 28, 2025;May 29, 2025;9,422.25;13,538.50;25,478.00;17,845.50;240.00;-;6,670.75;8,044.00;7,356.25;2,856.00
May 29, 2025;May 30, 2025;9,400.75;14,123.75;6,352.50;36,559.50;240.00;-;4,428.75;8,037.50;6,461.75;2,856.00
May 30, 2025;May 31, 2025;9,521.25;15,335.75;2,645.75;56,264.25;240.00;-;4,756.25;7,989.25;9,076.00;2,856.00
May 31, 2025;Jun 1, 2025;9,568.75;15,698.50;3,162.25;52,367.00;240.00;-;4,275.25;8,145.25;9,180.00;2,856.00
Jun 1, 2025;Jun 2, 2025;9,521.25;13,138.75;5,963.25;43,413.50;240.00;-;3,912.75;7,759.25;3,744.00;2,856.00
Jun 2, 2025;Jun 3, 2025;9,533.75;17,742.75;3,235.25;21,661.75;240.00;-;12,602.75;8,391.25;8,705.75;2,856.00
Jun 3, 2025;Jun 4, 2025;9,427.25;16,378.50;4,100.75;37,453.50;240.00;-;18,235.25;8,206.50;6,216.25;2,856.00
Jun 4, 2025;Jun 5, 2025;9,501.50;18,937.25;10,914.25;21,698.75;240.00;-;13,219.50;8,298.50;6,035.75;2,856.00
Jun 5, 2025;Jun 6, 2025;9,348.75;18,988.25;11,460.50;33,219.75;240.00;-;12,269.50;8,304.25;8,032.50;2,856.00
Jun 6, 2025;Jun 7, 2025;9,231.75;17,041.75;18,860.25;29,848.25;240.00;-;6,918.00;7,973.75;7,344.75;2,856.00
Jun 7, 2025;Jun 8, 2025;9,256.50;18,916.00;17,245.00;24,925.00;240.00;-;4,794.00;7,787.00;7,455.25;2,856.00
Jun 8, 2025;Jun 9, 2025;9,392.50;14,641.00;18,494.75;34,527.25;240.00;-;4,068.25;7,581.50;4,162.00;2,856.00
Jun 9, 2025;Jun 10, 2025;9,262.25;15,648.25;2,650.25;55,590.50;240.00;-;3,719.75;7,677.25;10,772.75;2,856.00
Jun 10, 2025;Jun 11, 2025;9,252.75;16,456.50;9,057.25;50,884.25;240.00;-;5,948.75;7,767.25;6,680.00;6,455.00
Jun 11, 2025;Jun 12, 2025;9,067.75;16,113.00;3,944.50;57,010.00;240.00;-;13,291.75;7,725.25;9,702.75;6,948.50
Jun 12, 2025;Jun 13, 2025;9,012.50;16,754.50;9,848.50;57,546.25;240.00;-;23,063.50;7,713.25;10,286.50;3,359.50
Jun 13, 2025;Jun 14, 2025;9,236.25;15,917.50;10,355.50;55,690.00;240.00;-;8,773.50;7,658.00;7,548.50;5,753.50
Jun 14, 2025;Jun 15, 2025;9,292.50;14,773.00;6,769.75;53,869.00;240.00;-;9,033.00;7,715.00;9,026.75;2,882.75
Jun 15, 2025;Jun 16, 2025;9,332.50;14,935.50;5,686.00;30,903.25;240.00;-;13,012.25;7,758.75;4,636.00;2,856.00
Jun 16, 2025;Jun 17, 2025;9,158.75;17,595.25;4,109.75;44,139.00;240.00;-;19,059.00;7,765.25;7,972.25;3,141.25
Jun 17, 2025;Jun 18, 2025;9,217.75;16,622.00;2,479.25;57,556.75;240.00;-;23,143.75;7,644.25;10,674.50;2,856.00
Jun 18, 2025;Jun 19, 2025;9,146.50;17,048.75;644.25;56,615.00;240.00;-;29,519.75;7,685.50;10,320.00;2,856.00
Jun 19, 2025;Jun 20, 2025;8,984.00;15,639.25;3,653.00;56,164.25;240.00;-;20,177.25;7,653.25;9,592.50;2,856.00
Jun 20, 2025;Jun 21, 2025;8,908.25;16,480.00;7,443.75;58,087.25;240.00;-;28,073.00;7,747.00;9,109.50;2,856.00
Jun 21, 2025;Jun 22, 2025;9,069.50;15,417.25;6,293.50;57,304.25;240.00;-;21,891.75;7,745.50;9,931.75;2,856.00
Jun 22, 2025;Jun 23, 2025;9,049.75;13,055.25;5,154.00;57,710.75;240.00;-;12,478.50;7,696.75;9,873.25;2,856.00
Jun 23, 2025;Jun 24, 2025;8,985.25;13,968.75;16,085.00;43,964.25;240.00;-;32,194.00;7,708.50;5,852.50;2,856.00
Jun 24, 2025;Jun 25, 2025;9,000.50;13,579.75;12,657.75;56,571.25;240.00;-;21,904.50;7,670.00;6,784.00;2,888.50
Jun 25, 2025;Jun 26, 2025;9,040.50;14,091.50;6,034.25;55,254.25;240.00;-;35,724.25;7,631.25;8,863.00;2,899.50
Jun 26, 2025;Jun 27, 2025;8,904.25;15,688.00;13,117.50;39,403.75;240.00;-;23,952.00;7,682.25;6,846.00;2,856.00
Jun 27, 2025;Jun 28, 2025;9,046.50;14,726.25;8,829.00;30,062.75;240.00;-;27,195.75;7,604.50;5,843.25;2,856.00
Jun 28, 2025;Jun 29, 2025;9,203.00;11,653.00;1,264.50;52,766.75;240.00;-;12,316.25;7,608.00;7,346.25;2,856.00
Jun 29, 2025;Jun 30, 2025;9,201.25;11,577.75;1,889.50;56,458.00;240.00;-;8,079.50;7,608.00;5,471.25;2,856.00
Jun 30, 2025;Jul 1, 2025;9,093.00;12,983.25;7,220.50;54,689.50;240.00;-;21,141.00;7,725.25;9,159.50;1,639.25
Jul 1, 2025;Jul 2, 2025;9,032.00;14,006.25;3,643.50;47,228.25;240.00;-;17,155.50;7,794.50;9,102.50;3,575.75
Jul 2, 2025;Jul 3, 2025;9,075.00;14,214.50;1,437.75;53,967.00;240.00;-;15,189.75;7,825.25;5,662.50;3,485.75
Jul 3, 2025;Jul 4, 2025;9,040.25;13,649.75;5,430.50;31,259.25;240.00;-;25,370.25;7,835.25;8,222.00;4,869.50
Jul 4, 2025;Jul 5, 2025;9,142.00;12,227.75;1,578.75;53,285.75;240.00;-;7,430.25;7,722.50;9,556.25;3,320.25
Jul 5, 2025;Jul 6, 2025;9,058.50;12,140.50;3,723.50;56,500.75;240.00;-;9,953.50;7,648.25;6,402.50;3,552.50
Jul 6, 2025;Jul 7, 2025;9,193.00;11,744.00;7,249.25;28,842.50;240.00;-;8,250.50;7,646.75;8,636.75;3,152.25
Jul 7, 2025;Jul 8, 2025;9,067.50;12,970.25;12,274.75;28,916.00;240.00;-;12,140.25;7,778.25;7,645.50;3,315.00
Jul 8, 2025;Jul 9, 2025;9,034.25;14,078.25;8,274.00;30,973.50;240.00;-;10,512.75;7,840.00;5,595.50;2,856.00
Jul 9, 2025;Jul 10, 2025;8,869.25;16,446.00;5,724.25;38,173.75;240.00;-;11,042.00;7,742.50;7,363.00;2,856.00
Jul 10, 2025;Jul 11, 2025;8,734.50;15,237.25;1,438.00;51,387.00;240.00;-;17,347.00;7,839.75;7,876.50;2,856.00
Jul 11, 2025;Jul 12, 2025;8,869.75;14,867.00;3,938.50;46,848.75;240.00;-;16,938.25;7,808.75;8,655.25;2,856.00
Jul 12, 2025;Jul 13, 2025;8,950.75;13,346.50;1,951.25;47,314.25;240.00;-;4,361.00;7,699.25;7,286.50;2,856.00
Jul 13, 2025;Jul 14, 2025;9,030.75;14,117.50;3,566.75;52,232.50;240.00;-;9,245.00;7,703.75;5,775.75;2,856.00
Jul 14, 2025;Jul 15, 2025;8,829.00;13,557.50;13,331.25;27,388.25;240.00;-;31,027.25;8,017.75;9,102.50;2,856.00
Jul 15, 2025;Jul 16, 2025;8,809.00;13,930.25;9,462.25;37,032.25;240.00;-;16,441.50;7,999.75;3,382.25;2,856.00
Jul 16, 2025;Jul 17, 2025;8,769.25;13,711.50;15,300.50;28,888.75;240.00;-;23,326.00;8,018.00;7,610.00;2,856.00
Jul 17, 2025;Jul 18, 2025;8,734.25;14,789.25;4,481.50;44,897.50;240.00;-;25,378.25;8,036.50;5,094.25;2,856.00
Jul 18, 2025;Jul 19, 2025;8,892.25;14,454.25;988.75;52,195.25;240.00;-;40,321.25;9,825.00;9,426.50;2,856.00
Jul 19, 2025;Jul 20, 2025;8,917.00;12,779.50;7,294.00;42,245.50;240.00;-;15,578.00;7,825.75;6,226.75;2,856.00
Jul 20, 2025;Jul 21, 2025;8,880.75;12,813.25;3,065.75;42,038.75;240.00;-;21,843.50;7,792.00;2,410.25;2,856.00
Jul 21, 2025;Jul 22, 2025;8,954.25;17,741.00;8,420.25;26,219.75;240.00;-;31,040.00;8,063.50;11,350.25;2,856.00
Jul 22, 2025;Jul 23, 2025;8,987.25;18,000.50;19,185.50;35,058.25;240.00;-;11,918.00;7,877.50;7,447.75;2,856.00
Jul 23, 2025;Jul 24, 2025;8,936.75;17,432.50;5,491.50;45,956.75;240.00;-;15,225.75;7,823.75;5,981.00;2,856.00
Jul 24, 2025;Jul 25, 2025;8,999.25;17,441.00;699.50;27,922.25;240.00;-;31,773.25;7,824.00;8,917.00;2,856.00
Jul 25, 2025;Jul 26, 2025;9,078.00;17,300.75;1,131.75;26,573.25;240.00;-;32,940.00;7,821.00;10,511.25;2,856.00
Jul 26, 2025;Jul 27, 2025;9,073.25;18,108.75;1,464.50;26,983.25;240.00;-;26,157.50;7,666.00;4,957.25;2,856.00
Jul 27, 2025;Jul 28, 2025;9,109.75;19,078.25;4,212.75;27,834.00;240.00;-;4,978.50;7,584.00;5,049.00;2,856.00
Jul 28, 2025;Jul 29, 2025;8,902.00;21,846.75;8,362.00;23,413.25;240.00;-;6,476.50;7,709.75;6,238.25;2,856.00
Jul 29, 2025;Jul 30, 2025;8,937.50;20,976.75;4,196.25;37,878.75;240.00;-;6,745.75;7,761.00;10,601.75;2,856.00
Jul 30, 2025;Jul 31, 2025;8,885.75;20,082.25;5,642.75;24,520.75;240.00;-;6,963.00;7,946.00;10,288.50;2,856.00
Jul 31, 2025;Aug 1, 2025;8,975.50;19,828.75;9,181.75;32,338.50;240.00;-;12,639.25;7,956.00;6,976.25;2,856.00
Aug 1, 2025;Aug 2, 2025;8,935.00;19,517.25;8,500.25;31,957.00;240.00;-;14,056.50;7,868.25;9,044.00;2,856.00
Aug 2, 2025;Aug 3, 2025;9,142.75;20,275.00;3,130.00;25,625.75;240.00;-;4,122.50;7,792.50;9,365.25;2,856.00
Aug 3, 2025;Aug 4, 2025;9,207.00;20,795.50;4,278.00;28,293.00;240.00;-;3,430.25;7,752.25;4,681.75;2,856.00
Aug 4, 2025;Aug 5, 2025;9,167.75;19,714.50;11,974.25;25,649.00;240.00;-;4,975.25;8,100.25;9,098.25;2,856.00
Aug 5, 2025;Aug 6, 2025;9,050.75;18,408.00;11,919.75;35,139.75;240.00;-;5,681.75;8,012.75;8,356.25;2,856.00
Aug 6, 2025;Aug 7, 2025;8,978.75;18,194.75;2,702.00;50,070.75;240.00;-;14,789.75;8,076.00;8,513.25;3,151.25
Aug 7, 2025;Aug 8, 2025;9,010.50;16,827.75;4,061.50;53,925.00;240.00;-;7,083.75;7,817.00;8,431.75;2,856.00
Aug 8, 2025;Aug 9, 2025;9,056.25;15,535.50;2,226.00;53,313.75;240.00;-;5,557.75;7,729.75;8,425.25;2,856.00
Aug 9, 2025;Aug 10, 2025;9,158.50;14,720.50;2,010.00;51,473.00;240.00;-;4,245.00;7,584.50;7,671.00;2,856.00
Aug 10, 2025;Aug 11, 2025;9,080.25;14,056.75;5,350.75;53,640.00;240.00;-;3,634.25;7,615.00;4,959.00;2,856.00
Aug 11, 2025;Aug 12, 2025;9,037.00;14,999.50;10,516.50;53,722.75;240.00;-;11,340.50;7,776.50;8,244.50;2,856.00
Aug 12, 2025;Aug 13, 2025;9,024.25;14,695.25;7,527.00;50,531.50;240.00;-;24,962.25;7,726.00;7,085.25;2,856.00
Aug 13, 2025;Aug 14, 2025;8,900.75;13,858.50;3,291.25;49,534.25;240.00;-;29,084.00;7,584.25;7,616.25;2,856.00
Aug 14, 2025;Aug 15, 2025;8,850.00;15,272.00;970.25;48,283.00;240.00;-;29,027.00;7,606.00;7,960.25;2,856.00
Aug 15, 2025;Aug 16, 2025;8,900.00;14,961.00;2,253.75;41,367.00;240.00;-;15,842.75;7,584.00;7,565.75;2,856.00
Aug 16, 2025;Aug 17, 2025;8,978.00;12,926.75;6,253.75;39,561.25;240.00;-;4,917.50;7,584.00;6,055.00;2,856.00
Aug 17, 2025;Aug 18, 2025;9,141.00;13,334.00;4,343.75;40,181.00;240.00;-;3,831.50;7,584.00;5,703.25;2,856.00
Aug 18, 2025;Aug 19, 2025;9,062.75;13,627.50;4,055.25;52,465.25;240.00;-;11,526.00;7,596.75;7,749.50;2,856.00
Aug 19, 2025;Aug 20, 2025;9,036.00;13,490.00;2,350.00;50,596.25;240.00;-;21,612.25;7,608.00;8,486.00;2,856.00
Aug 20, 2025;Aug 21, 2025;9,128.25;14,530.50;1,761.25;26,366.00;240.00;-;22,395.00;7,592.25;6,162.25;2,856.00
Aug 21, 2025;Aug 22, 2025;9,010.50;18,151.00;5,833.25;18,445.00;240.00;-;25,695.50;7,584.25;4,414.00;2,856.00
Aug 22, 2025;Aug 23, 2025;9,086.50;19,032.25;5,164.50;38,611.00;240.00;-;4,730.50;7,583.50;8,414.25;2,856.00
Aug 23, 2025;Aug 24, 2025;9,140.75;17,321.75;2,283.75;32,883.75;240.00;-;4,007.50;7,582.75;4,780.00;2,856.00
Aug 24, 2025;Aug 25, 2025;9,298.50;16,111.50;761.75;45,619.25;240.00;-;3,125.50;7,584.00;5,294.50;2,856.00
Aug 25, 2025;Aug 26, 2025;9,222.25;16,960.00;655.00;50,603.75;240.00;-;13,194.25;7,619.50;9,450.75;2,856.00
Aug 26, 2025;Aug 27, 2025;9,132.75;15,045.25;1,784.00;50,275.75;240.00;-;29,273.25;7,735.00;8,465.75;3,232.25
Aug 27, 2025;Aug 28, 2025;9,221.00;14,942.00;8,212.50;31,265.25;240.00;-;36,429.75;7,957.25;9,803.50;2,856.00
Aug 28, 2025;Aug 29, 2025;9,041.75;15,103.00;4,176.75;15,247.25;240.00;-;37,388.00;7,586.50;8,689.75;2,856.00
Aug 29, 2025;Aug 30, 2025;9,130.25;16,525.50;6,470.25;44,848.50;240.00;-;19,897.25;7,583.25;9,120.25;2,856.00
Aug 30, 2025;Aug 31, 2025;9,292.50;16,142.75;7,204.75;36,370.00;240.00;-;4,462.00;7,584.00;7,893.00;2,856.00
Aug 31, 2025;Sep 1, 2025;9,009.50;15,146.75;4,360.00;44,910.25;240.00;-;10,554.25;7,590.25;4,993.75;2,856.00
Sep 1, 2025;Sep 2, 2025;9,187.25;15,586.50;7,086.50;19,721.75;240.00;-;31,846.50;7,752.50;8,576.25;2,856.00
Sep 2, 2025;Sep 3, 2025;9,230.50;16,119.25;5,312.50;34,066.50;240.00;-;37,023.75;7,590.00;7,121.25;2,856.00
Sep 3, 2025;Sep 4, 2025;9,241.00;14,970.00;12,485.25;38,035.50;240.00;-;24,704.25;7,588.75;6,364.25;2,856.00
Sep 4, 2025;Sep 5, 2025;9,148.00;15,307.75;8,883.50;26,776.25;240.00;-;30,491.50;7,768.00;8,172.75;2,856.00
Sep 5, 2025;Sep 6, 2025;9,349.50;16,612.50;6,641.75;26,018.00;240.00;-;36,491.00;7,589.00;7,099.00;2,856.00
Sep 6, 2025;Sep 7, 2025;9,207.50;17,148.25;6,278.00;49,986.25;240.00;-;23,435.00;7,586.50;5,607.00;2,856.00
Sep 7, 2025;Sep 8, 2025;9,357.75;14,289.25;9,104.25;43,635.75;240.00;-;6,743.00;7,584.00;2,507.00;2,856.00
Sep 8, 2025;Sep 9, 2025;9,379.50;16,130.75;2,195.75;19,748.50;240.00;-;32,252.00;7,910.75;9,427.00;3,431.75
Sep 9, 2025;Sep 10, 2025;9,237.00;17,552.00;3,818.25;16,997.00;240.00;-;42,916.00;8,182.75;7,119.00;3,199.50
Sep 10, 2025;Sep 11, 2025;9,263.75;16,265.50;1,507.50;21,191.75;240.00;-;41,393.75;7,985.75;9,048.50;2,856.00
Sep 11, 2025;Sep 12, 2025;9,158.00;14,860.75;18,899.50;31,830.75;240.00;-;8,026.25;7,558.00;5,537.00;2,856.00
Sep 12, 2025;Sep 13, 2025;9,218.25;15,446.25;11,066.50;34,655.25;240.00;-;7,207.25;7,601.75;7,016.75;2,929.50
Sep 13, 2025;Sep 14, 2025;9,364.25;13,682.75;6,952.25;35,601.25;240.00;-;5,799.00;7,570.25;5,513.25;2,856.00
Sep 14, 2025;Sep 15, 2025;9,500.75;14,331.50;11,300.00;31,285.50;240.00;-;6,792.25;7,582.50;7,422.25;3,225.00
Sep 15, 2025;Sep 16, 2025;9,383.50;14,058.00;25,843.25;31,494.25;240.00;-;20,850.00;7,584.00;6,974.75;2,856.00
Sep 16, 2025;Sep 17, 2025;9,264.75;13,119.75;21,796.50;32,269.00;240.00;-;13,183.25;7,567.75;6,007.75;2,856.00
Sep 17, 2025;Sep 18, 2025;9,130.00;12,058.75;9,298.25;32,288.25;240.00;-;30,783.75;7,573.50;7,063.75;3,018.50
Sep 18, 2025;Sep 19, 2025;8,986.50;13,532.25;6,837.75;47,061.50;240.00;-;12,465.50;7,718.00;5,974.75;2,888.25
Sep 19, 2025;Sep 20, 2025;9,161.25;10,994.50;3,257.50;46,899.75;240.00;-;14,867.25;7,570.75;7,655.00;3,225.50
Sep 20, 2025;Sep 21, 2025;9,226.25;10,129.00;6,287.50;43,656.50;240.00;-;5,226.00;7,596.75;4,863.25;2,856.00
Sep 21, 2025;Sep 22, 2025;9,392.50;11,848.50;9,189.75;21,525.50;240.00;-;20,076.00;7,584.00;3,199.75;2,856.00
Sep 22, 2025;Sep 23, 2025;9,406.25;13,975.50;17,243.75;7,544.75;240.00;-;28,191.50;7,576.25;4,879.50;2,856.00
Sep 23, 2025;Sep 24, 2025;9,320.50;15,875.25;16,345.00;7,713.25;240.00;-;32,463.75;7,744.00;6,534.75;2,856.00
Sep 24, 2025;Sep 25, 2025;9,185.00;15,306.25;14,407.50;3,566.50;240.00;-;15,323.75;7,584.00;5,575.50;2,856.00
Sep 25, 2025;Sep 26, 2025;9,183.25;16,280.50;3,510.25;9,343.25;240.00;-;22,818.25;7,583.50;8,877.25;2,856.00
Sep 26, 2025;Sep 27, 2025;9,338.00;16,835.50;3,223.75;9,372.75;240.00;-;26,859.50;7,584.00;7,291.00;2,856.00
Sep 27, 2025;Sep 28, 2025;9,397.00;16,367.50;542.50;14,207.25;240.00;-;15,434.75;7,584.00;3,986.50;2,856.00
Sep 28, 2025;Sep 29, 2025;9,262.00;15,601.25;1,104.25;20,951.50;240.00;-;16,309.50;7,584.00;2,405.50;2,856.00
Sep 29, 2025;Sep 30, 2025;9,527.00;15,136.75;409.25;26,681.75;240.00;-;37,303.50;7,584.00;8,184.50;2,941.50
Sep 30, 2025;Oct 1, 2025;9,625.50;14,551.00;1,858.75;17,810.75;240.00;-;43,176.25;7,745.75;8,314.75;2,856.00
Oct 1, 2025;Oct 2, 2025;9,345.50;14,654.75;6,154.25;33,595.25;240.00;-;38,682.00;7,584.00;7,344.50;2,856.00
Oct 2, 2025;Oct 3, 2025;9,568.50;15,810.00;10,645.25;41,192.00;240.00;-;25,342.00;7,581.75;6,225.00;2,856.00
Oct 3, 2025;Oct 4, 2025;9,494.00;14,902.50;13,706.50;27,115.75;240.00;-;9,528.25;7,637.50;6,376.25;2,856.00
Oct 4, 2025;Oct 5, 2025;9,843.25;12,626.00;23,795.00;14,977.75;240.00;-;8,765.00;7,568.75;4,219.50;2,856.00
Oct 5, 2025;Oct 6, 2025;9,717.00;14,860.00;24,294.00;18,185.00;240.00;-;6,623.75;7,556.75;2,492.25;2,856.00
Oct 6, 2025;Oct 7, 2025;9,766.25;13,762.50;20,166.50;7,646.50;240.00;-;36,786.00;7,579.50;6,918.00;2,856.00
Oct 7, 2025;Oct 8, 2025;9,709.75;15,123.75;2,570.25;17,498.25;240.00;-;42,762.50;7,785.75;6,124.50;2,856.00
Oct 8, 2025;Oct 9, 2025;9,722.50;14,737.00;1,199.00;32,717.50;240.00;-;42,112.25;7,754.25;6,705.25;3,150.75
Oct 9, 2025;Oct 10, 2025;9,762.00;13,540.50;981.25;12,260.00;240.00;-;41,927.00;9,301.25;3,964.50;2,856.00
Oct 10, 2025;Oct 11, 2025;9,884.50;12,687.50;1,500.50;16,004.50;240.00;-;42,133.50;7,724.00;6,061.00;2,856.00
Oct 11, 2025;Oct 12, 2025;9,686.50;10,793.25;1,943.75;28,578.50;240.00;-;26,038.00;7,570.00;2,873.25;2,856.00
Oct 12, 2025;Oct 13, 2025;10,041.50;9,872.25;2,517.00;20,596.75;240.00;-;20,124.50;7,582.25;2,844.75;2,856.00
Oct 13, 2025;Oct 14, 2025;9,894.25;12,527.25;2,809.50;12,641.00;240.00;-;46,929.50;7,947.50;8,308.50;3,292.75
Oct 14, 2025;Oct 15, 2025;9,675.50;12,783.50;2,633.75;28,961.75;240.00;-;50,132.00;7,972.00;6,230.75;2,856.00
Oct 15, 2025;Oct 16, 2025;9,788.50;12,835.00;4,048.00;20,753.00;240.00;-;49,358.25;9,912.75;5,381.00;3,115.00
Oct 16, 2025;Oct 17, 2025;9,605.75;10,972.25;2,064.25;17,648.50;240.00;-;48,068.25;10,627.75;5,171.50;2,991.00
Oct 17, 2025;Oct 18, 2025;9,574.75;10,269.75;1,230.00;12,885.75;240.00;-;52,898.00;8,931.50;5,617.25;2,856.00
Oct 18, 2025;Oct 19, 2025;9,844.00;8,940.75;7,102.75;25,373.75;240.00;-;24,281.75;7,824.00;2,995.50;2,856.00
Oct 19, 2025;Oct 20, 2025;10,033.75;8,557.75;11,242.39;18,505.00;240.00;-;9,826.25;7,594.75;2,657.50;2,856.00
Oct 20, 2025;Oct 21, 2025;10,053.25;9,891.00;11,895.97;8,931.75;240.00;-;26,108.25;7,697.75;7,167.50;3,152.75
Oct 21, 2025;Oct 22, 2025;10,066.75;8,591.00;20,715.00;17,362.25;240.00;-;30,207.50;7,665.00;2,758.00;3,272.00
Oct 22, 2025;Oct 23, 2025;10,041.50;10,020.25;11,233.00;9,290.75;240.00;-;45,370.50;8,338.50;7,967.00;3,094.25
Oct 23, 2025;Oct 24, 2025;9,982.32;12,198.90;31,325.35;9,400.22;240.00;-;25,688.90;7,574.65;3,303.80;3,547.42
Oct 24, 2025;Oct 25, 2025;10,015.31;13,459.54;29,289.81;20,830.75;240.00;-;19,540.58;7,558.59;4,399.82;3,515.10
Oct 25, 2025;Oct 26, 2025;10,097.53;13,211.77;27,397.74;12,631.81;240.00;-;8,956.39;7,631.24;5,962.32;2,856.00
Oct 26, 2025;Oct 27, 2025;10,539.99;15,215.13;27,113.38;18,054.88;250.00;-;4,987.18;7,877.21;2,123.13;3,377.56
Oct 27, 2025;Oct 28, 2025;10,059.34;16,584.57;32,269.14;7,828.89;240.00;-;19,461.18;7,800.21;5,231.06;2,856.00
Oct 28, 2025;Oct 29, 2025;10,066.97;16,084.85;29,489.12;13,290.92;240.00;-;19,125.22;7,958.53;4,731.99;2,856.00
Oct 29, 2025;Oct 30, 2025;9,982.97;16,627.89;10,860.60;24,540.18;240.00;-;23,896.11;8,220.58;6,112.39;2,856.00
Oct 30, 2025;Oct 31, 2025;10,161.70;16,001.09;17,976.13;26,539.81;240.00;-;29,555.14;7,858.69;3,375.07;2,856.00
Oct 31, 2025;Nov 1, 2025;10,240.66;15,277.64;9,005.53;19,042.41;240.00;-;36,393.06;8,041.21;3,894.81;2,856.00
Nov 1, 2025;Nov 2, 2025;10,133.68;15,461.57;9,855.82;9,517.60;240.00;-;14,638.02;8,054.30;3,883.07;2,856.00
Nov 2, 2025;Nov 3, 2025;10,057.31;16,081.90;12,538.15;4,726.28;240.00;-;13,695.16;8,047.17;5,132.56;2,856.00
Nov 3, 2025;Nov 4, 2025;10,320.77;15,950.13;14,341.69;20,163.53;240.00;-;28,189.24;8,287.76;2,806.40;3,099.25
Nov 4, 2025;Nov 5, 2025;10,156.97;15,273.65;3,935.77;28,088.66;240.00;-;35,483.44;8,019.14;3,293.91;2,856.00
Nov 5, 2025;Nov 6, 2025;10,222.44;15,514.31;3,182.54;25,399.43;240.00;-;31,711.82;8,000.26;4,674.91;2,857.57
Nov 6, 2025;Nov 7, 2025;10,114.31;14,549.20;2,406.15;19,549.80;240.00;-;34,869.29;8,072.08;4,010.57;2,856.00
Nov 7, 2025;Nov 8, 2025;10,240.74;15,623.86;932.84;10,770.85;240.00;-;37,051.39;8,041.83;8,962.44;2,856.00
Nov 8, 2025;Nov 9, 2025;10,215.36;14,966.85;1,313.27;9,828.02;240.00;-;35,090.48;8,061.31;4,490.25;2,856.00
Nov 9, 2025;Nov 10, 2025;10,254.33;14,340.57;4,251.56;4,330.81;240.00;-;36,626.91;8,066.77;2,386.65;2,856.00
Nov 10, 2025;Nov 11, 2025;10,331.79;15,302.55;3,451.19;15,279.90;240.00;-;40,282.70;8,060.56;6,149.84;2,856.00
Nov 11, 2025;Nov 12, 2025;10,302.24;12,596.74;8,304.99;19,114.86;240.00;-;22,922.60;8,061.22;5,839.69;2,856.00
Nov 12, 2025;Nov 13, 2025;10,222.51;13,081.11;8,595.11;19,792.95;240.00;-;36,517.58;8,068.26;5,262.78;2,856.00
Nov 13, 2025;Nov 14, 2025;10,118.41;10,964.41;14,034.69;19,356.43;240.00;-;34,654.70;7,990.02;4,210.63;2,856.00
Nov 14, 2025;Nov 15, 2025;10,247.75;10,149.67;13,418.00;10,010.56;240.00;-;43,941.21;8,187.44;8,487.28;3,036.45
Nov 15, 2025;Nov 16, 2025;10,261.83;10,464.65;6,080.09;11,784.44;240.00;-;19,001.96;7,774.67;2,212.61;2,856.00
Nov 16, 2025;Nov 17, 2025;10,274.23;9,474.54;5,195.67;7,864.46;240.00;-;16,510.07;8,051.90;5,505.30;2,856.00
Nov 17, 2025;Nov 18, 2025;10,130.23;10,883.57;10,258.44;5,756.37;240.00;-;33,307.13;8,132.97;5,361.33;3,261.54
Nov 18, 2025;Nov 19, 2025;10,228.22;11,902.23;3,851.83;20,559.05;240.00;-;37,087.24;8,237.48;4,348.56;3,437.96
Nov 19, 2025;Nov 20, 2025;10,285.99;10,686.23;0.00;17,238.28;240.00;-;40,741.70;8,171.46;8,658.24;2,856.00
Nov 20, 2025;Nov 21, 2025;10,289.62;11,457.59;10,051.25;7,521.38;240.00;-;46,576.63;9,227.80;9,446.35;3,351.78
Nov 21, 2025;Nov 22, 2025;10,315.37;10,877.26;5,383.27;10,171.65;240.00;-;56,363.67;9,097.09;9,175.10;2,856.00
Nov 22, 2025;Nov 23, 2025;10,433.79;9,450.24;1,875.86;16,062.70;240.00;-;35,884.08;8,275.94;5,387.48;2,856.00
Nov 23, 2025;Nov 24, 2025;10,538.78;8,801.96;9,150.90;13,844.52;240.00;-;39,272.56;8,281.14;2,498.74;2,856.00
Nov 24, 2025;Nov 25, 2025;10,606.45;12,609.72;8,638.15;3,169.52;240.00;-;52,917.04;8,996.66;7,431.54;2,856.00
Nov 25, 2025;Nov 26, 2025;10,557.06;17,552.53;3,220.40;4,239.72;240.00;-;61,998.07;9,174.22;12,063.57;3,091.53
Nov 26, 2025;Nov 27, 2025;10,696.20;18,627.28;2,582.59;3,764.01;240.00;-;58,829.57;9,139.84;12,856.47;2,856.00
Nov 27, 2025;Nov 28, 2025;10,662.39;18,271.68;2,148.79;10,913.94;240.00;-;59,319.49;8,279.82;2,598.87;3,426.40
Nov 28, 2025;Nov 29, 2025;10,816.11;15,780.76;6,985.73;7,504.75;240.00;-;61,839.89;8,110.31;6,599.52;3,433.42
Nov 29, 2025;Nov 30, 2025;10,770.69;13,456.52;6,616.16;9,361.67;240.00;-;39,917.21;7,971.60;2,471.64;2,856.00
Nov 30, 2025;Dec 1, 2025;11,023.12;13,637.45;8,582.74;4,112.26;240.00;-;33,041.48;7,979.66;969.90;2,856.00
Dec 1, 2025;Dec 2, 2025;10,966.34;14,184.29;5,367.10;14,315.61;240.00;-;42,290.56;8,113.12;4,939.04;2,956.85
Dec 2, 2025;Dec 3, 2025;10,900.42;14,112.96;6,379.23;15,211.22;240.00;-;51,205.68;8,081.27;7,198.54;2,856.00
Dec 3, 2025;Dec 4, 2025;10,915.09;15,846.95;0.00;0.00;240.00;-;64,713.26;9,536.80;10,330.17;3,389.69
Dec 4, 2025;Dec 5, 2025;11,021.23;15,848.33;0.00;0.00;240.00;-;68,726.77;10,245.47;3,215.14;3,594.14
Dec 5, 2025;Dec 6, 2025;11,170.00;13,985.44;0.00;0.00;240.00;-;50,979.64;9,126.26;6,177.53;3,007.96
Dec 6, 2025;Dec 7, 2025;11,053.04;12,334.63;0.00;0.00;240.00;-;28,620.54;8,544.61;6,919.40;2,856.00
Dec 7, 2025;Dec 8, 2025;11,083.45;12,523.42;0.00;0.00;240.00;-;11,692.43;8,166.81;7,875.85;2,856.00
Dec 8, 2025;Dec 9, 2025;10,952.44;15,855.41;0.00;0.00;240.00;-;36,194.40;8,793.81;13,109.01;2,856.00
Dec 9, 2025;Dec 10, 2025;10,943.15;14,751.90;0.00;0.00;240.00;-;38,012.77;8,730.82;4,263.48;2,856.00
Dec 10, 2025;Dec 11, 2025;10,721.72;14,939.70;0.00;0.00;240.00;-;50,041.74;9,082.79;10,443.81;3,721.35
Dec 11, 2025;Dec 12, 2025;10,769.75;13,785.62;2,635.55;6,013.71;240.00;-;38,696.16;9,868.33;2,349.09;2,856.00
Dec 12, 2025;Dec 13, 2025;10,992.50;13,576.95;1,533.69;10,550.84;240.00;-;39,376.47;9,903.30;14,937.26;2,859.24
Dec 13, 2025;Dec 14, 2025;11,044.74;12,064.62;466.65;4,895.35;240.00;-;34,815.38;9,535.94;7,333.96;2,856.00
Dec 14, 2025;Dec 15, 2025;11,177.22;11,098.67;764.15;4,090.70;240.00;-;30,185.01;9,203.70;2,764.73;2,856.00
Dec 15, 2025;Dec 16, 2025;11,051.63;10,956.83;5,567.37;12,081.16;240.00;-;45,516.11;9,553.88;5,737.84;3,049.79
Dec 16, 2025;Dec 17, 2025;10,874.45;11,641.33;6,483.35;4,687.12;240.00;-;58,735.11;9,983.25;15,276.98;3,042.23
Dec 17, 2025;Dec 18, 2025;10,923.69;11,699.46;4,137.43;10,005.46;240.00;-;64,841.61;10,185.85;12,034.70;2,856.00
Dec 18, 2025;Dec 19, 2025;10,982.26;11,196.67;10,441.71;15,871.76;240.00;-;25,237.44;10,673.62;5,253.41;2,856.00
Dec 19, 2025;Dec 20, 2025;10,775.48;11,517.09;14,477.58;3,878.68;240.00;-;19,864.05;10,888.75;5,319.55;2,856.00
Dec 20, 2025;Dec 21, 2025;10,773.55;10,183.98;4,084.08;10,371.60;240.00;-;19,683.80;9,978.33;8,383.59;2,856.00
Dec 21, 2025;Dec 22, 2025;10,862.54;9,348.74;13,248.58;12,813.62;240.00;-;15,614.08;9,560.57;1,864.90;2,856.00
Dec 22, 2025;Dec 23, 2025;10,612.73;9,765.50;6,799.12;4,445.70;240.00;-;21,141.02;9,692.74;10,503.21;2,856.00
Dec 23, 2025;Dec 24, 2025;10,581.00;9,918.16;12,293.24;1,659.51;240.00;-;15,372.67;9,194.27;5,684.84;2,856.00
Dec 24, 2025;Dec 25, 2025;10,483.59;8,225.29;23,511.16;1,496.90;240.00;-;12,353.88;8,972.49;3,633.03;2,856.00
Dec 25, 2025;Dec 26, 2025;10,455.26;8,349.92;20,026.36;10,150.39;240.00;-;15,079.15;8,855.02;3,980.83;2,856.00
Dec 26, 2025;Dec 27, 2025;10,195.66;8,115.15;17,661.33;12,249.77;240.00;-;17,573.18;9,315.61;8,769.58;2,856.00
Dec 27, 2025;Dec 28, 2025;10,402.42;7,864.79;10,119.94;13,988.00;240.00;-;15,030.01;9,303.13;1,104.06;2,856.00
Dec 28, 2025;Dec 29, 2025;10,295.33;7,898.35;13,083.78;15,056.89;240.00;-;22,135.91;9,306.76;5,322.33;2,856.00
Dec 29, 2025;Dec 30, 2025;10,283.40;8,075.60;4,052.19;13,772.45;240.00;-;28,873.37;9,441.52;4,409.87;2,856.00
Dec 30, 2025;Dec 31, 2025;10,282.30;8,267.88;5,958.08;10,112.09;240.00;-;17,960.87;10,588.65;10,282.19;2,856.00
Dec 31, 2025;Jan 1, 2026;10,099.66;7,557.52;11,331.22;14,942.63;240.00;-;37,877.85;11,279.26;5,990.28;3,111.33
