Start date;End date;Biomass [MWh] Calculated resolutions;Hydropower [MWh] Calculated resolutions;Wind offshore [MWh] Calculated resolutions;Wind onshore [MWh] Calculated resolutions;Photovoltaics [MWh] Calculated resolutions;Other renewable [MWh] Calculated resolutions;Lignite [MWh] Calculated resolutions;Hard coal [MWh] Calculated resolutions;Fossil gas [MWh] Calculated resolutions;Hydro pumped storage [MWh] Calculated resolutions;Other conventional [MWh] Calculated resolutions
Jan 1, 2025;Jan 2, 2025;18,214.75;2,132.75;30,040.50;338,842.25;7,996.75;504.00;49,469.00;10,862.00;31,566.00;308.75;19,915.50
Jan 2, 2025;Jan 3, 2025;19,445.00;2,276.50;29,282.00;207,672.75;9,790.75;504.00;124,693.50;18,116.00;52,186.25;13,750.75;19,182.50
Jan 3, 2025;Jan 4, 2025;18,796.50;2,201.50;27,336.50;285,672.50;8,222.25;504.00;112,399.25;13,200.00;51,501.75;4,577.50;18,491.50
Jan 4, 2025;Jan 5, 2025;19,133.50;2,240.00;22,992.00;113,631.50;4,089.75;504.00;175,898.25;22,280.50;74,972.00;14,721.00;20,650.50
Jan 5, 2025;Jan 6, 2025;19,187.50;2,246.75;16,735.75;125,055.50;2,256.75;504.00;132,997.00;14,343.75;56,729.00;2,172.00;19,805.75
Jan 6, 2025;Jan 7, 2025;16,690.00;1,952.50;16,504.75;290,515.75;7,141.00;504.00;52,543.25;11,218.00;36,494.25;10,063.00;18,989.75
Jan 7, 2025;Jan 8, 2025;22,048.00;2,581.50;25,577.50;274,813.50;13,378.75;504.00;65,556.75;11,030.00;42,179.75;14,560.25;19,066.00
Jan 8, 2025;Jan 9, 2025;24,557.00;2,874.75;29,169.75;197,159.75;13,586.50;504.00;134,944.00;17,779.50;54,319.25;9,032.00;19,554.00
Jan 9, 2025;Jan 10, 2025;24,924.75;2,916.00;5,750.25;112,209.00;5,372.00;504.00;178,012.25;22,196.25;73,985.25;13,040.00;22,028.50
Jan 10, 2025;Jan 11, 2025;25,252.75;2,955.25;24,671.25;221,027.75;3,637.50;504.00;161,359.50;20,579.75;72,278.75;12,890.00;21,355.00
Jan 11, 2025;Jan 12, 2025;25,799.50;3,021.25;23,683.75;280,925.75;8,794.00;504.00;112,541.25;14,896.50;59,428.25;2,292.00;19,554.75
Jan 12, 2025;Jan 13, 2025;26,174.75;3,064.25;13,519.50;126,472.25;10,710.25;504.00;149,700.25;21,508.00;75,908.00;8,908.25;22,056.25
Jan 13, 2025;Jan 14, 2025;25,856.00;3,026.50;18,302.50;42,032.75;14,704.75;504.00;167,836.50;24,096.50;91,743.25;12,648.25;24,261.25
Jan 14, 2025;Jan 15, 2025;25,988.50;3,042.75;34,895.25;165,980.25;8,158.75;504.00;156,076.50;20,580.25;82,771.25;9,026.75;21,926.00
Jan 15, 2025;Jan 16, 2025;26,425.00;3,093.00;9,351.00;73,667.00;4,800.75;504.00;182,718.00;24,460.00;94,395.50;15,749.25;22,551.50
Jan 16, 2025;Jan 17, 2025;25,733.25;3,012.50;28,647.75;33,060.00;5,013.00;504.00;171,479.25;17,419.00;98,087.50;11,316.25;22,927.25
Jan 17, 2025;Jan 18, 2025;25,379.25;2,972.25;26,646.75;14,619.50;12,434.50;504.00;179,152.50;14,911.75;100,347.00;13,375.00;23,648.50
Jan 18, 2025;Jan 19, 2025;25,921.25;3,035.25;9,820.00;6,949.50;15,688.75;504.00;173,737.75;17,058.00;90,717.25;7,851.25;22,537.75
Jan 19, 2025;Jan 20, 2025;25,815.25;3,292.25;527.50;58,409.75;26,976.50;504.00;169,839.50;16,612.00;86,580.00;7,997.25;22,507.00
Jan 20, 2025;Jan 21, 2025;25,946.75;3,037.00;5,755.25;67,475.25;24,737.50;504.00;176,477.00;16,718.50;95,298.50;15,822.50;17,040.50
Jan 21, 2025;Jan 22, 2025;26,755.00;3,132.00;9,655.75;12,421.25;13,503.50;504.00;190,601.25;16,591.75;101,405.25;14,950.75;17,953.00
Jan 22, 2025;Jan 23, 2025;26,271.00;3,075.00;11,851.25;87,644.75;20,778.50;504.00;185,689.25;16,757.75;95,882.25;11,415.75;16,271.75
Jan 23, 2025;Jan 24, 2025;22,133.50;2,591.25;32,285.25;212,777.00;5,565.75;504.00;141,081.50;13,023.00;66,657.50;7,241.75;14,430.50
Jan 24, 2025;Jan 25, 2025;21,964.00;2,571.75;29,521.50;221,335.25;16,117.75;165.50;86,051.75;5,652.25;50,509.50;4,514.50;14,110.25
Jan 25, 2025;Jan 26, 2025;24,834.25;2,908.25;21,455.25;185,743.00;10,889.75;0.00;124,892.25;9,250.75;53,331.25;15,535.50;14,229.25
Jan 26, 2025;Jan 27, 2025;26,964.25;3,156.75;4,308.00;112,831.25;10,219.50;0.00;157,992.75;10,270.25;63,701.75;5,992.25;15,442.25
Jan 27, 2025;Jan 28, 2025;26,417.25;3,092.25;22,501.25;233,249.50;9,502.75;0.00;93,780.75;8,168.00;47,089.50;9,152.25;13,766.25
Jan 28, 2025;Jan 29, 2025;26,408.00;3,092.50;9,391.00;107,424.25;7,761.75;0.00;143,872.50;11,677.00;59,740.00;15,977.25;15,763.25
Jan 29, 2025;Jan 30, 2025;26,449.50;3,096.75;16,386.50;212,088.75;13,238.25;154.50;139,464.25;15,593.75;58,455.75;9,384.25;14,867.00
Jan 30, 2025;Jan 31, 2025;26,714.50;3,127.25;26,679.00;89,231.25;14,270.50;504.00;163,188.25;24,595.00;66,928.00;12,400.00;12,907.00
Jan 31, 2025;Feb 1, 2025;26,544.50;3,107.50;11,638.00;132,330.75;19,968.50;504.00;173,553.25;29,603.50;71,808.75;13,367.25;12,782.50
Feb 1, 2025;Feb 2, 2025;26,814.50;3,139.00;5,187.25;23,685.25;16,251.75;504.00;172,226.50;31,078.75;67,339.00;8,361.00;12,960.00
Feb 2, 2025;Feb 3, 2025;27,110.00;3,173.50;1,355.25;5,740.75;24,141.00;504.00;176,120.00;29,566.00;66,091.00;6,731.50;12,866.75
Feb 3, 2025;Feb 4, 2025;26,793.50;3,136.50;4,039.50;19,885.75;39,638.25;504.00;177,363.00;31,070.00;78,876.50;15,888.50;14,594.50
Feb 4, 2025;Feb 5, 2025;26,141.25;3,060.00;5,211.50;41,084.50;41,089.50;504.00;170,518.75;31,004.50;76,046.25;10,748.00;18,821.25
Feb 5, 2025;Feb 6, 2025;23,319.00;2,730.25;19,596.25;85,690.50;10,034.75;504.00;173,859.50;29,679.50;78,057.25;9,486.75;19,188.75
Feb 6, 2025;Feb 7, 2025;23,209.75;2,716.25;6,543.50;35,300.50;8,306.25;504.00;178,508.50;30,872.00;80,552.00;8,401.00;20,446.75
Feb 7, 2025;Feb 8, 2025;23,430.75;2,742.75;27,484.25;169,848.75;14,376.00;504.00;162,350.00;24,040.25;69,348.00;5,298.75;20,456.75
Feb 8, 2025;Feb 9, 2025;27,390.50;3,207.00;22,419.75;110,406.50;36,068.50;77.25;136,200.00;24,628.25;63,092.75;8,128.00;14,263.75
Feb 9, 2025;Feb 10, 2025;26,830.00;3,140.25;15,480.50;50,839.50;37,399.75;0.00;151,000.50;25,734.75;67,702.00;6,763.50;14,465.00
Feb 10, 2025;Feb 11, 2025;26,183.50;3,066.00;36,623.50;115,819.25;22,336.25;0.00;153,202.00;23,061.50;70,965.00;10,755.00;21,110.00
Feb 11, 2025;Feb 12, 2025;25,734.50;3,013.00;29,065.50;186,951.50;31,668.50;0.00;129,705.00;21,973.75;70,884.50;7,620.75;20,173.25
Feb 12, 2025;Feb 13, 2025;25,318.50;2,963.75;19,262.50;87,721.50;21,300.50;162.50;159,885.75;28,782.25;86,413.50;9,467.00;22,032.00
Feb 13, 2025;Feb 14, 2025;25,350.50;2,967.50;25,227.00;39,098.00;4,259.50;399.00;175,534.75;29,890.25;98,765.75;13,615.75;24,251.75
Feb 14, 2025;Feb 15, 2025;26,265.00;3,074.50;15,136.75;41,194.50;5,520.50;504.00;183,423.25;30,196.50;100,175.50;11,354.75;22,196.00
Feb 15, 2025;Feb 16, 2025;26,853.25;3,143.50;6,965.25;5,732.50;12,335.25;504.00;184,701.25;30,791.75;89,713.00;6,187.00;22,834.00
Feb 16, 2025;Feb 17, 2025;26,180.50;3,065.50;11,395.25;32,056.00;24,270.75;504.00;174,876.00;29,665.00;86,026.50;4,790.50;22,905.25
Feb 17, 2025;Feb 18, 2025;25,702.75;3,009.00;12,704.25;8,814.50;40,622.25;497.50;187,479.75;29,023.50;99,068.25;17,892.75;22,935.00
Feb 18, 2025;Feb 19, 2025;26,535.75;3,104.50;12,465.75;22,620.25;48,136.50;504.00;181,919.25;28,719.50;96,519.50;10,874.50;22,351.25
Feb 19, 2025;Feb 20, 2025;26,937.00;3,153.75;1,375.00;84,843.75;52,498.50;504.00;161,576.50;25,480.75;85,024.50;9,232.25;21,550.00
Feb 20, 2025;Feb 21, 2025;26,951.75;3,154.50;24,141.25;149,433.25;46,451.25;504.00;151,054.25;26,538.25;79,065.50;10,565.75;21,358.25
Feb 21, 2025;Feb 22, 2025;27,154.75;3,177.50;21,611.75;108,617.50;28,135.75;504.00;136,548.50;18,050.50;62,500.75;10,534.25;20,334.75
Feb 22, 2025;Feb 23, 2025;27,178.00;3,181.00;28,229.25;165,617.25;43,999.00;504.00;97,337.50;18,650.50;48,575.25;14,883.75;20,319.50
Feb 23, 2025;Feb 24, 2025;26,915.75;3,152.00;7,859.75;80,718.50;29,669.00;504.00;124,291.00;19,348.00;51,831.75;8,924.50;20,465.75
Feb 24, 2025;Feb 25, 2025;26,748.00;3,131.50;27,805.25;144,219.00;43,896.50;351.75;115,324.25;15,801.25;50,064.25;6,029.50;20,256.75
Feb 25, 2025;Feb 26, 2025;25,506.00;2,985.25;8,718.50;45,275.25;30,866.75;369.25;172,459.25;22,008.00;67,814.75;14,166.50;21,148.75
Feb 26, 2025;Feb 27, 2025;25,398.75;2,972.75;1,180.25;40,504.75;15,033.50;497.00;181,231.25;31,146.25;74,973.75;10,267.50;21,962.25
Feb 27, 2025;Feb 28, 2025;23,255.75;2,722.50;109.00;41,511.00;28,157.25;504.00;184,221.25;29,771.50;74,208.75;10,901.50;21,591.25
Feb 28, 2025;Mar 1, 2025;23,401.75;2,740.50;4,110.75;43,350.00;21,681.50;503.75;192,059.00;30,310.25;76,864.75;13,035.50;22,132.00
Mar 1, 2025;Mar 2, 2025;23,191.50;2,716.00;11,418.25;47,680.25;24,100.00;504.00;186,116.25;29,527.75;69,276.50;7,915.50;22,327.50
Mar 2, 2025;Mar 3, 2025;23,077.00;2,702.50;34,310.25;57,658.50;43,909.75;504.00;155,492.00;22,982.50;59,206.00;9,102.75;21,550.50
Mar 3, 2025;Mar 4, 2025;22,916.00;2,683.00;38,208.75;82,762.00;65,884.00;504.00;160,399.75;22,598.75;60,655.00;15,355.50;21,538.50
Mar 4, 2025;Mar 5, 2025;23,325.75;2,730.75;36,318.25;79,939.00;68,615.75;504.00;150,233.25;22,258.75;54,515.50;13,625.25;21,246.75
Mar 5, 2025;Mar 6, 2025;23,161.00;2,710.25;31,930.75;133,993.00;69,953.50;504.00;130,305.25;14,509.00;49,075.75;11,233.00;19,970.75
Mar 6, 2025;Mar 7, 2025;23,146.25;2,708.75;24,054.75;74,269.00;72,345.00;504.00;138,349.50;18,890.50;48,581.75;12,628.00;14,856.50
Mar 7, 2025;Mar 8, 2025;23,172.50;2,713.25;1,644.00;25,734.50;70,352.25;504.00;149,454.25;23,108.00;49,370.50;16,220.75;15,131.50
Mar 8, 2025;Mar 9, 2025;23,473.50;2,748.25;656.00;52,618.25;69,003.50;504.00;136,865.50;17,516.00;41,828.00;7,171.75;14,181.75
Mar 9, 2025;Mar 10, 2025;23,176.25;2,712.75;20,732.75;31,358.75;68,767.50;504.00;128,039.50;16,520.00;39,819.75;8,945.75;18,701.75
Mar 10, 2025;Mar 11, 2025;22,799.00;2,669.00;6,411.75;12,473.00;66,910.00;504.00;147,216.25;23,715.50;55,866.75;14,824.75;19,698.50
Mar 11, 2025;Mar 12, 2025;23,561.50;2,757.00;1,170.25;13,934.75;36,774.75;504.00;159,292.75;26,466.75;66,180.75;13,820.50;21,386.75
Mar 12, 2025;Mar 13, 2025;23,484.75;2,748.25;2,420.25;11,429.00;21,017.75;253.50;163,866.50;26,761.75;73,791.50;13,830.75;23,950.75
Mar 13, 2025;Mar 14, 2025;23,698.00;2,774.00;1,025.75;13,149.25;36,179.50;504.00;162,410.75;26,113.75;73,481.50;10,777.75;21,818.25
Mar 14, 2025;Mar 15, 2025;23,545.50;2,757.50;4,516.50;16,917.25;34,456.75;504.00;157,667.75;14,066.25;76,825.75;9,954.50;21,938.00
Mar 15, 2025;Mar 16, 2025;23,623.25;2,765.50;3,834.25;60,888.00;49,306.50;504.00;114,679.00;13,660.50;56,385.75;9,441.25;21,189.75
Mar 16, 2025;Mar 17, 2025;23,535.75;2,756.50;20,059.25;57,578.75;67,597.25;504.00;118,741.25;13,036.50;51,785.75;6,507.00;20,145.00
Mar 17, 2025;Mar 18, 2025;23,569.75;2,760.50;16,534.50;92,883.75;81,805.00;504.00;133,941.50;15,996.25;56,883.50;12,959.25;19,726.00
Mar 18, 2025;Mar 19, 2025;23,680.50;2,773.00;17,767.50;28,118.25;86,077.75;504.00;134,333.50;27,706.75;64,969.25;11,773.75;20,370.25
Mar 19, 2025;Mar 20, 2025;23,518.50;2,754.00;6,507.00;30,199.00;85,097.75;504.00;142,101.75;25,780.75;64,289.75;15,343.75;17,664.75
Mar 20, 2025;Mar 21, 2025;23,644.75;2,767.50;4,683.25;33,930.00;82,317.25;504.00;140,345.00;23,126.25;63,512.75;14,129.25;13,480.00
Mar 21, 2025;Mar 22, 2025;23,573.50;2,760.00;22,214.50;80,976.75;82,570.00;504.00;88,588.75;13,071.25;42,493.25;13,887.00;16,471.75
Mar 22, 2025;Mar 23, 2025;23,213.50;2,717.25;28,036.00;220,182.25;76,119.25;504.00;35,658.75;7,212.50;18,980.25;4,877.00;17,603.25
Mar 23, 2025;Mar 24, 2025;23,386.25;2,738.50;37,898.50;111,531.75;59,539.75;504.00;74,116.00;12,954.25;29,340.75;10,011.25;18,923.50
Mar 24, 2025;Mar 25, 2025;23,237.00;2,719.50;4,257.50;6,622.50;51,876.00;489.50;160,590.75;26,040.25;52,177.50;18,245.25;20,016.25
Mar 25, 2025;Mar 26, 2025;23,003.75;2,692.75;22,586.50;42,255.25;48,895.75;504.00;160,435.75;24,366.25;54,212.50;9,970.50;19,270.25
Mar 26, 2025;Mar 27, 2025;22,647.00;2,651.50;16,390.25;65,280.75;30,882.00;332.75;161,134.00;24,722.25;52,737.75;14,510.00;19,582.75
Mar 27, 2025;Mar 28, 2025;22,091.75;2,658.00;15,268.75;27,773.00;54,977.75;65.50;157,465.25;23,765.00;46,413.25;13,252.25;19,294.50
Mar 28, 2025;Mar 29, 2025;22,833.75;2,746.00;12,507.25;42,146.00;87,983.25;323.50;148,209.25;19,690.75;41,065.00;14,838.75;19,129.50
Mar 29, 2025;Mar 30, 2025;22,863.50;2,700.75;8,141.25;84,883.00;46,865.75;504.00;106,635.25;11,863.75;35,758.00;12,856.50;19,520.50
Mar 30, 2025;Mar 31, 2025;19,872.75;2,326.50;8,797.50;170,010.25;28,984.00;483.00;54,480.25;7,881.00;21,111.50;3,504.75;17,610.50
Mar 31, 2025;Apr 1, 2025;18,668.25;2,338.50;7,763.25;131,912.75;27,837.50;504.00;118,804.75;20,801.50;45,515.75;15,766.75;19,504.50
Apr 1, 2025;Apr 2, 2025;18,667.00;2,236.00;4,221.00;67,603.00;76,057.25;504.00;127,209.00;16,130.00;48,619.75;13,069.75;19,769.00
Apr 2, 2025;Apr 3, 2025;18,150.75;2,142.50;3,260.75;85,635.00;84,372.75;504.00;108,787.00;9,227.50;37,260.50;12,599.75;19,479.75
Apr 3, 2025;Apr 4, 2025;18,228.50;2,215.50;349.00;50,406.00;98,360.50;384.00;114,755.00;17,299.25;36,276.75;18,280.50;19,980.25
Apr 4, 2025;Apr 5, 2025;18,463.25;2,190.75;4,778.25;18,710.75;97,750.75;504.00;115,510.75;21,164.00;34,959.75;16,307.50;20,376.25
Apr 5, 2025;Apr 6, 2025;18,546.25;2,193.50;11,021.00;108,957.00;80,862.50;504.00;64,282.25;12,046.75;28,560.25;10,385.25;19,430.00
Apr 6, 2025;Apr 7, 2025;18,521.50;2,217.25;10,071.50;65,098.75;72,318.25;504.00;57,582.50;12,195.25;25,493.00;9,556.50;17,918.00
Apr 7, 2025;Apr 8, 2025;18,521.00;2,272.25;11,644.75;60,339.75;72,923.75;504.00;111,022.25;20,977.00;45,523.50;13,521.75;19,852.00
Apr 8, 2025;Apr 9, 2025;19,306.75;2,349.00;410.25;13,748.75;78,484.75;504.00;116,398.25;21,303.25;53,056.25;14,907.75;20,272.00
Apr 9, 2025;Apr 10, 2025;19,868.25;2,366.25;15,239.25;62,848.00;66,795.00;504.00;115,920.75;20,255.50;50,416.00;12,500.75;20,488.00
Apr 10, 2025;Apr 11, 2025;21,440.25;2,558.25;12,793.50;104,757.00;78,208.25;496.25;103,202.00;19,482.75;44,475.25;14,807.25;20,082.25
Apr 11, 2025;Apr 12, 2025;23,088.00;2,789.00;20,232.75;202,419.50;55,095.25;482.25;72,560.25;13,210.75;35,551.50;15,577.50;19,566.00
Apr 12, 2025;Apr 13, 2025;24,332.25;2,907.75;5,972.75;26,699.00;89,453.25;504.00;74,360.50;16,610.50;29,778.50;15,502.75;11,809.00
Apr 13, 2025;Apr 14, 2025;24,535.25;2,873.25;17,342.00;119,968.75;68,326.75;504.00;65,464.00;11,872.75;20,911.25;7,481.00;12,153.00
Apr 14, 2025;Apr 15, 2025;24,475.50;2,953.25;3,921.50;34,365.00;82,287.75;492.50;122,168.75;22,037.00;35,378.25;16,638.25;12,295.75
Apr 15, 2025;Apr 16, 2025;24,058.00;2,866.00;22,971.75;156,811.50;67,995.50;503.75;103,859.75;15,787.50;33,875.25;11,221.75;11,999.50
Apr 16, 2025;Apr 17, 2025;24,905.50;2,989.00;10,703.50;68,556.00;98,398.00;504.00;114,589.00;25,886.25;36,195.50;15,751.75;11,779.50
Apr 17, 2025;Apr 18, 2025;24,693.50;2,964.75;19,876.75;86,805.50;72,842.00;504.00;115,854.25;20,995.25;31,403.75;12,575.00;17,649.00
Apr 18, 2025;Apr 19, 2025;24,708.25;2,941.75;6,362.00;53,743.25;17,800.75;504.00;112,811.75;21,081.50;28,291.00;10,027.50;18,086.50
Apr 19, 2025;Apr 20, 2025;25,330.00;2,966.75;5,001.25;22,955.75;27,704.25;504.00;86,118.25;16,723.00;26,166.00;11,933.50;18,370.25
Apr 20, 2025;Apr 21, 2025;25,196.25;2,973.25;1,445.25;16,784.50;96,063.00;504.00;68,139.75;15,853.50;24,258.75;11,754.50;17,421.25
Apr 21, 2025;Apr 22, 2025;25,189.50;2,997.75;138.75;21,847.00;63,793.75;504.00;81,341.25;19,990.75;24,182.00;8,084.50;17,057.75
Apr 22, 2025;Apr 23, 2025;25,478.25;3,112.75;402.50;25,489.25;69,284.75;504.00;92,618.25;19,920.25;32,202.50;17,122.50;15,294.75
Apr 23, 2025;Apr 24, 2025;25,690.50;3,085.50;943.25;27,113.25;79,296.00;504.00;96,704.00;17,727.25;39,444.25;12,599.25;15,033.25
Apr 24, 2025;Apr 25, 2025;24,175.25;2,889.50;6,066.25;72,548.00;55,854.75;504.00;115,210.75;19,077.25;39,143.50;10,953.25;14,881.50
Apr 25, 2025;Apr 26, 2025;29,513.50;3,541.00;1,226.00;63,721.00;73,413.75;504.00;124,455.50;18,703.00;37,071.50;10,952.00;11,765.00
Apr 26, 2025;Apr 27, 2025;38,088.75;4,460.50;2,137.50;81,392.50;110,896.50;504.00;68,178.00;6,630.50;26,302.00;12,573.75;9,274.75
Apr 27, 2025;Apr 28, 2025;37,884.25;4,435.75;3,913.75;63,632.00;97,162.75;504.00;54,884.00;6,459.25;23,930.00;8,837.75;10,252.50
Apr 28, 2025;Apr 29, 2025;37,743.00;4,532.75;6,419.25;15,802.50;109,961.50;325.75;91,551.75;4,254.50;32,986.75;16,628.00;9,964.75
Apr 29, 2025;Apr 30, 2025;37,091.00;4,439.75;16,214.00;31,334.50;103,817.25;320.75;96,954.25;3,139.25;30,924.25;11,237.00;10,635.50
Apr 30, 2025;May 1, 2025;27,966.00;3,323.50;13,113.25;15,925.75;104,555.00;504.00;96,416.50;3,622.00;28,019.00;12,913.75;14,021.75
May 1, 2025;May 2, 2025;23,632.25;2,840.50;3,926.00;23,380.00;99,228.25;504.00;71,508.50;2,789.50;22,079.00;13,661.50;13,317.25
May 2, 2025;May 3, 2025;24,407.50;2,930.75;17,521.00;97,934.50;87,950.25;504.00;58,943.50;3,317.00;21,789.00;15,054.75;14,567.00
May 3, 2025;May 4, 2025;24,667.25;2,888.25;13,363.25;34,798.25;64,846.25;504.00;55,377.50;2,201.00;18,318.00;13,884.25;15,299.50
May 4, 2025;May 5, 2025;23,994.25;2,834.75;19,133.25;133,830.00;62,252.25;504.00;52,250.50;2,650.50;16,929.75;7,760.00;15,200.50
May 5, 2025;May 6, 2025;23,149.00;2,816.00;3,714.50;51,165.00;93,119.50;500.50;69,936.25;3,392.00;33,610.75;12,874.25;15,236.25
May 6, 2025;May 7, 2025;23,167.25;2,712.75;13,244.75;33,006.50;108,230.00;504.00;75,673.50;6,676.75;34,920.00;11,770.00;15,170.50
May 7, 2025;May 8, 2025;23,959.00;2,855.25;1,764.25;60,523.00;95,227.00;424.25;99,586.50;6,968.25;38,187.75;12,933.00;15,078.00
May 8, 2025;May 9, 2025;24,170.75;2,926.75;1,472.50;44,324.50;92,312.75;504.00;85,308.25;10,871.00;39,565.00;13,978.50;15,440.50
May 9, 2025;May 10, 2025;23,931.50;2,875.50;9,191.25;14,888.25;109,343.75;504.00;75,508.75;9,223.50;35,539.50;13,179.75;15,354.00
May 10, 2025;May 11, 2025;24,086.50;2,870.00;4,039.25;43,856.25;81,627.50;504.00;66,836.25;7,143.00;23,257.75;13,206.50;14,375.75
May 11, 2025;May 12, 2025;24,212.75;2,882.50;4,087.00;49,719.50;94,281.25;497.75;52,492.50;5,873.75;19,793.00;8,562.25;13,854.50
May 12, 2025;May 13, 2025;22,727.75;2,717.75;2,546.50;65,634.00;118,384.75;504.00;59,126.25;7,792.25;26,081.00;12,167.75;14,786.50
May 13, 2025;May 14, 2025;22,626.00;2,698.50;13,370.75;23,895.00;118,579.50;504.00;77,832.25;14,624.25;27,327.25;13,489.50;15,534.75
May 14, 2025;May 15, 2025;23,339.50;2,780.75;10,054.25;93,639.00;102,664.25;504.00;76,012.75;14,174.50;27,649.25;9,932.75;15,058.00
May 15, 2025;May 16, 2025;23,268.50;2,821.25;13,189.75;139,650.00;82,468.00;504.00;74,778.75;12,858.75;25,740.50;12,196.75;15,551.00
May 16, 2025;May 17, 2025;23,565.00;2,809.50;15,097.50;102,009.50;76,949.75;504.00;79,055.25;10,488.25;26,216.25;14,654.00;15,123.00
May 17, 2025;May 18, 2025;23,739.00;2,851.00;14,483.50;121,385.00;67,695.50;504.00;66,874.00;14,004.50;23,431.25;12,011.50;15,227.75
May 18, 2025;May 19, 2025;23,658.75;2,768.75;16,552.25;107,529.75;65,606.50;504.00;62,298.50;13,360.00;22,132.25;10,269.00;15,906.50
May 19, 2025;May 20, 2025;23,271.50;2,847.50;10,613.50;65,370.00;47,809.75;504.00;94,498.75;17,734.75;29,518.50;15,610.75;15,792.50
May 20, 2025;May 21, 2025;22,541.50;2,708.00;19,879.00;20,571.25;105,963.25;504.00;97,474.50;18,489.75;33,875.75;12,175.50;15,886.25
May 21, 2025;May 22, 2025;23,088.50;2,750.75;24,238.75;113,066.75;107,868.25;226.00;87,050.25;14,624.50;29,648.75;11,640.25;15,538.25
May 22, 2025;May 23, 2025;23,638.00;2,792.25;25,699.75;154,175.00;79,268.00;118.75;80,230.75;13,219.75;26,739.00;12,222.25;15,978.75
May 23, 2025;May 24, 2025;25,818.00;3,070.50;20,871.00;104,294.25;93,826.50;504.00;77,025.75;14,080.00;27,573.00;15,018.75;16,472.00
May 24, 2025;May 25, 2025;26,056.00;3,074.25;11,035.75;82,841.50;92,668.00;504.00;51,151.75;5,440.75;24,164.50;15,109.50;16,400.50
May 25, 2025;May 26, 2025;26,085.25;3,078.25;26,618.50;111,704.00;41,777.00;485.50;40,320.50;5,232.50;15,703.00;9,535.75;16,531.25
May 26, 2025;May 27, 2025;26,067.75;3,159.00;16,112.50;58,077.75;92,155.75;504.00;72,218.50;7,233.75;27,995.75;18,543.00;16,385.50
May 27, 2025;May 28, 2025;25,205.50;2,999.25;19,191.25;108,615.25;76,626.50;363.00;72,091.25;8,429.25;25,375.50;12,624.25;16,439.00
May 28, 2025;May 29, 2025;25,428.25;3,051.00;16,172.50;163,181.00;53,354.25;497.00;79,220.75;13,197.25;25,797.00;13,663.00;16,298.50
May 29, 2025;May 30, 2025;25,565.00;3,041.00;15,795.50;83,715.75;95,921.50;504.00;53,317.00;7,857.50;21,393.00;12,807.75;16,629.00
May 30, 2025;May 31, 2025;25,346.25;3,017.00;26,225.25;108,473.25;83,291.75;491.75;49,302.25;5,592.25;18,236.00;11,865.25;15,994.00
May 31, 2025;Jun 1, 2025;24,599.00;2,880.00;9,090.75;22,140.00;98,226.75;42.00;59,320.00;9,723.50;19,962.25;19,402.25;15,870.00
Jun 1, 2025;Jun 2, 2025;24,715.75;2,942.75;11,031.25;75,680.75;70,414.25;195.50;52,875.75;3,287.50;14,358.75;7,417.00;16,326.25
Jun 2, 2025;Jun 3, 2025;24,425.25;2,945.75;21,548.75;45,864.50;89,219.50;504.00;78,819.25;7,037.50;24,799.00;19,073.25;16,888.75
Jun 3, 2025;Jun 4, 2025;25,605.50;3,097.25;5,317.00;32,559.00;114,093.75;504.00;61,173.50;8,301.25;27,111.00;11,946.50;16,951.25
Jun 4, 2025;Jun 5, 2025;25,928.50;3,108.75;17,435.75;104,302.75;73,816.25;385.00;52,419.25;3,490.00;25,453.75;12,155.00;16,953.75
Jun 5, 2025;Jun 6, 2025;26,251.25;3,123.25;5,198.75;79,309.50;79,618.50;504.00;49,539.75;3,459.50;22,227.00;13,088.25;16,689.00
Jun 6, 2025;Jun 7, 2025;25,476.25;3,031.75;21,017.25;190,605.25;71,878.25;493.50;38,643.00;974.25;17,006.25;13,564.75;16,498.75
Jun 7, 2025;Jun 8, 2025;24,971.50;2,996.25;8,101.75;103,376.25;74,587.75;504.00;51,562.75;909.00;17,870.00;15,979.25;16,492.00
Jun 8, 2025;Jun 9, 2025;24,987.00;2,952.50;11,771.00;186,459.00;63,207.75;504.00;35,430.75;835.00;13,142.50;10,420.25;15,476.50
Jun 9, 2025;Jun 10, 2025;26,704.00;3,223.75;25,889.50;125,218.50;84,878.25;504.00;43,284.25;843.00;13,842.25;16,506.50;16,584.00
Jun 10, 2025;Jun 11, 2025;26,013.50;3,051.75;10,851.75;118,741.50;51,670.25;504.00;56,732.50;834.75;17,772.00;10,554.00;10,575.00
Jun 11, 2025;Jun 12, 2025;26,137.00;3,181.25;22,633.25;124,722.50;98,412.50;504.00;59,204.25;3,715.25;20,556.25;16,327.00;10,481.75
Jun 12, 2025;Jun 13, 2025;26,043.75;3,120.75;3,378.00;52,883.25;121,182.75;391.00;57,296.75;1,417.50;20,658.75;15,362.75;10,758.25
Jun 13, 2025;Jun 14, 2025;26,045.25;3,096.75;6,234.00;114,394.00;128,083.50;498.75;46,703.00;3,449.75;18,318.00;15,520.75;10,524.00
Jun 14, 2025;Jun 15, 2025;25,771.75;3,066.50;17,207.75;102,169.00;115,026.25;471.50;46,430.75;988.00;16,513.25;10,452.00;10,631.25
Jun 15, 2025;Jun 16, 2025;25,252.00;3,028.00;8,245.75;88,493.00;91,476.00;504.00;63,676.75;3,784.00;17,715.25;12,262.00;10,304.00
Jun 16, 2025;Jun 17, 2025;25,586.50;3,051.00;26,096.50;120,036.75;85,040.50;504.00;100,331.25;7,555.50;22,030.00;11,235.75;10,355.75
Jun 17, 2025;Jun 18, 2025;26,329.50;3,156.25;19,517.25;27,416.75;115,643.00;243.75;107,568.25;8,709.00;26,612.00;9,510.00;10,157.50
Jun 18, 2025;Jun 19, 2025;26,776.50;3,206.50;16,866.25;57,764.00;110,558.00;241.00;109,006.00;9,276.75;26,423.75;8,581.75;10,124.25
Jun 19, 2025;Jun 20, 2025;27,008.75;3,210.00;20,069.00;109,751.50;105,209.50;240.00;62,645.00;5,836.25;17,878.00;9,611.50;10,232.50
Jun 20, 2025;Jun 21, 2025;27,507.00;3,291.25;8,259.50;29,616.00;129,881.25;284.50;55,796.50;8,458.50;19,341.75;11,680.50;10,266.75
Jun 21, 2025;Jun 22, 2025;26,733.75;3,202.25;11,475.50;8,240.00;112,552.75;494.25;58,343.75;7,088.50;16,179.75;10,961.25;10,569.25
Jun 22, 2025;Jun 23, 2025;25,877.50;3,077.00;12,811.25;38,371.00;104,384.50;405.00;49,329.75;1,767.25;13,271.50;10,813.75;10,189.75
Jun 23, 2025;Jun 24, 2025;26,229.00;3,077.50;17,934.50;193,090.25;78,988.50;504.00;40,604.25;57.75;16,488.00;7,538.75;10,389.25
Jun 24, 2025;Jun 25, 2025;26,412.75;3,141.50;26,520.50;192,547.00;72,138.50;504.00;47,971.50;51.00;19,689.75;7,037.50;10,229.50
Jun 25, 2025;Jun 26, 2025;26,152.75;3,182.75;16,996.00;160,069.75;92,258.25;504.00;73,183.25;1,276.00;23,762.75;11,887.00;10,087.25
Jun 26, 2025;Jun 27, 2025;26,039.50;3,098.00;6,293.75;83,228.00;95,368.50;504.00;108,248.75;5,799.75;20,710.25;7,692.25;10,219.75
Jun 27, 2025;Jun 28, 2025;26,615.00;3,186.75;26,964.50;157,032.50;63,210.75;504.00;97,353.25;61.50;16,638.00;9,880.50;10,122.25
Jun 28, 2025;Jun 29, 2025;24,996.75;3,000.25;23,859.25;92,579.75;100,770.25;504.00;52,624.75;62.00;14,182.25;6,579.00;9,711.00
Jun 29, 2025;Jun 30, 2025;25,385.00;2,971.25;26,750.50;123,814.50;90,929.00;504.00;60,549.25;2,644.25;14,494.75;6,763.25;9,921.50
Jun 30, 2025;Jul 1, 2025;26,681.75;3,251.25;15,402.75;41,556.00;127,824.25;504.00;94,706.00;9,641.75;24,450.75;11,600.75;10,015.75
Jul 1, 2025;Jul 2, 2025;26,218.50;3,095.00;739.25;29,238.50;126,046.00;492.50;98,591.50;12,405.25;29,279.25;9,918.50;10,524.25
Jul 2, 2025;Jul 3, 2025;25,179.25;3,020.00;11,814.25;51,915.00;123,212.25;403.00;94,091.75;11,942.50;25,127.25;9,242.25;9,759.75
Jul 3, 2025;Jul 4, 2025;25,956.50;3,112.50;22,746.25;125,837.75;79,540.25;504.00;99,473.00;11,602.25;20,181.00;6,614.50;9,829.25
Jul 4, 2025;Jul 5, 2025;26,496.00;3,159.25;15,220.50;30,296.50;113,559.00;504.00;109,207.00;8,163.25;19,523.50;10,427.75;9,979.75
Jul 5, 2025;Jul 6, 2025;26,352.50;3,133.50;21,323.50;82,130.50;95,279.75;504.00;61,433.50;2,946.00;13,593.25;7,041.00;10,008.00
Jul 6, 2025;Jul 7, 2025;26,669.25;3,194.75;11,105.25;74,749.50;83,844.50;504.00;80,745.75;3,476.00;15,743.50;10,800.00;10,078.75
Jul 7, 2025;Jul 8, 2025;26,510.00;3,156.75;9,028.00;49,422.00;72,417.25;504.00;116,083.50;11,250.50;21,941.25;9,817.50;10,389.25
Jul 8, 2025;Jul 9, 2025;25,867.25;3,077.50;7,053.75;91,516.00;82,555.50;504.00;92,539.50;11,108.00;28,143.25;7,709.00;10,532.50
Jul 9, 2025;Jul 10, 2025;26,152.75;3,135.00;2,070.00;109,482.00;65,687.75;504.00;103,717.50;8,052.50;28,279.75;7,727.25;10,799.00
Jul 10, 2025;Jul 11, 2025;26,525.25;3,153.50;7,878.50;55,586.50;98,097.50;504.00;108,058.00;5,546.00;27,084.00;8,849.00;11,011.00
Jul 11, 2025;Jul 12, 2025;25,164.25;3,018.25;21,706.50;113,481.00;81,360.00;504.00;97,729.75;3,012.25;21,839.50;8,819.25;10,598.50
Jul 12, 2025;Jul 13, 2025;25,979.25;3,091.75;25,915.75;79,711.00;26,675.50;504.00;72,086.50;7,284.00;17,235.00;8,446.75;10,147.00
Jul 13, 2025;Jul 14, 2025;25,134.50;2,943.00;15,239.25;31,121.25;69,550.50;504.00;78,291.75;7,048.50;19,745.00;8,083.50;10,324.50
Jul 14, 2025;Jul 15, 2025;25,081.25;2,990.75;1,803.75;36,341.75;93,855.50;504.00;110,671.00;4,988.75;28,779.00;10,323.25;10,506.50
Jul 15, 2025;Jul 16, 2025;24,755.00;3,019.75;4,884.75;59,614.75;63,683.75;504.00;107,224.50;3,152.00;28,715.25;7,313.75;10,720.00
Jul 16, 2025;Jul 17, 2025;25,487.00;3,034.00;15,101.75;50,156.75;83,215.50;472.50;113,858.50;12,257.50;28,114.75;9,731.75;10,630.50
Jul 17, 2025;Jul 18, 2025;25,853.50;3,025.50;8,313.00;111,107.25;52,645.25;504.00;109,088.75;8,046.00;25,442.25;8,780.25;10,398.50
Jul 18, 2025;Jul 19, 2025;25,167.50;3,064.75;981.50;18,175.50;77,017.75;504.00;112,493.50;11,608.00;23,258.25;12,816.00;10,413.00
Jul 19, 2025;Jul 20, 2025;25,593.75;2,996.75;343.75;14,523.50;115,373.75;409.00;77,383.00;4,431.75;16,758.25;10,768.00;9,713.25
Jul 20, 2025;Jul 21, 2025;24,653.50;2,910.50;5,205.25;45,705.75;103,628.25;396.50;73,848.00;3,579.75;15,214.75;5,768.75;9,493.25
Jul 21, 2025;Jul 22, 2025;25,122.00;3,068.50;13,526.00;62,411.50;28,870.50;429.75;102,055.25;13,125.00;20,846.75;11,155.00;9,876.75
Jul 22, 2025;Jul 23, 2025;26,467.25;3,147.00;16,000.00;120,375.00;70,933.75;408.00;89,558.00;6,322.75;19,796.00;6,247.50;10,259.00
Jul 23, 2025;Jul 24, 2025;26,620.25;3,164.25;7,985.00;188,276.00;60,179.75;208.00;81,981.50;3,373.50;20,502.75;6,105.75;10,469.75
Jul 24, 2025;Jul 25, 2025;23,400.50;2,788.25;1,797.25;27,689.00;75,476.50;504.00;112,030.75;6,511.50;23,089.25;13,002.75;10,053.50
Jul 25, 2025;Jul 26, 2025;23,460.00;2,794.75;4,673.50;31,684.75;78,478.75;502.00;108,528.75;25.25;22,698.50;7,441.50;10,210.50
Jul 26, 2025;Jul 27, 2025;26,009.50;3,103.25;7,415.00;15,518.25;56,288.00;504.00;100,110.25;26.00;20,039.50;9,735.75;10,483.75
Jul 27, 2025;Jul 28, 2025;26,793.25;3,137.25;521.75;18,454.00;77,884.25;504.00;80,182.25;25.50;17,046.50;8,730.75;10,829.75
Jul 28, 2025;Jul 29, 2025;26,586.50;3,146.75;13,874.00;107,896.00;66,168.00;504.00;78,318.50;25.25;20,159.25;9,537.75;10,924.75
Jul 29, 2025;Jul 30, 2025;25,289.00;3,018.50;28,218.00;121,428.50;89,903.25;504.00;74,328.50;26.50;20,949.50;13,554.25;10,839.00
Jul 30, 2025;Jul 31, 2025;25,370.25;3,019.50;10,848.50;64,351.75;86,052.75;498.00;65,597.75;26.25;21,210.50;11,675.50;10,770.25
Jul 31, 2025;Aug 1, 2025;26,230.25;3,191.00;6,836.75;102,560.00;57,140.00;447.25;70,818.00;26.50;21,155.00;12,405.00;10,444.50
Aug 1, 2025;Aug 2, 2025;26,067.75;3,102.25;2,215.50;53,113.50;78,884.00;504.00;76,937.50;25.25;22,266.50;13,881.00;10,436.50
Aug 2, 2025;Aug 3, 2025;26,552.25;3,157.75;4,639.00;45,337.00;87,803.75;504.00;66,446.25;26.75;18,578.25;11,458.25;9,897.00
Aug 3, 2025;Aug 4, 2025;26,968.75;3,181.75;11,870.00;81,327.75;52,757.25;504.00;45,979.00;26.25;15,699.25;7,325.75;10,008.00
Aug 4, 2025;Aug 5, 2025;26,777.50;3,194.00;11,220.75;104,388.25;81,058.25;504.00;46,509.00;26.25;20,925.00;17,364.50;10,234.25
Aug 5, 2025;Aug 6, 2025;26,500.00;3,126.75;30,784.00;126,215.25;43,748.00;483.00;36,951.75;27.00;17,069.00;14,041.50;10,108.75
Aug 6, 2025;Aug 7, 2025;26,811.00;3,186.50;31,275.50;101,843.75;93,985.25;504.00;42,569.50;25.75;15,849.00;16,155.00;9,916.00
Aug 7, 2025;Aug 8, 2025;26,278.75;3,127.25;7,830.75;23,991.50;101,605.25;504.00;54,288.75;25.75;19,995.25;12,769.75;9,784.25
Aug 8, 2025;Aug 9, 2025;26,392.50;3,210.50;5,216.00;50,156.50;81,467.25;504.00;61,979.25;2,434.00;21,226.75;11,830.50;9,937.00
Aug 9, 2025;Aug 10, 2025;26,117.50;3,105.75;1,985.75;20,733.50;95,253.50;504.00;57,974.25;4,005.25;17,505.00;12,505.00;9,562.25
Aug 10, 2025;Aug 11, 2025;26,230.00;3,069.50;10,350.50;82,442.50;94,950.25;504.00;47,100.75;2,613.00;16,017.00;10,769.25;9,369.25
Aug 11, 2025;Aug 12, 2025;26,294.00;3,132.25;1,462.75;7,856.25;117,563.00;504.00;69,113.25;9,118.25;21,116.50;11,549.00;9,780.50
Aug 12, 2025;Aug 13, 2025;26,000.25;3,118.00;429.50;31,258.00;107,782.75;491.75;69,156.00;8,628.75;21,467.25;10,400.50;9,871.25
Aug 13, 2025;Aug 14, 2025;25,122.50;2,989.50;9,404.50;50,402.75;109,245.25;433.75;69,251.00;11,274.25;23,056.50;10,374.25;10,018.25
Aug 14, 2025;Aug 15, 2025;24,797.50;2,951.25;11,496.75;29,271.75;108,771.75;504.00;68,775.50;8,705.75;21,160.50;12,930.50;10,172.00
Aug 15, 2025;Aug 16, 2025;22,025.75;2,650.50;15,178.50;59,671.50;103,143.00;504.00;65,558.00;7,935.25;17,357.25;13,165.75;10,305.50
Aug 16, 2025;Aug 17, 2025;22,748.75;2,663.25;22,040.50;79,996.25;80,071.75;504.00;56,796.75;1,624.75;14,241.75;9,936.25;10,129.25
Aug 17, 2025;Aug 18, 2025;23,423.00;2,791.00;5,783.00;42,809.50;87,486.75;504.00;63,783.00;3,354.00;13,936.75;7,826.50;9,872.50
Aug 18, 2025;Aug 19, 2025;23,276.75;2,850.50;576.00;9,497.75;114,242.75;504.00;85,293.50;8,836.00;19,728.50;12,548.75;9,992.50
Aug 19, 2025;Aug 20, 2025;22,698.75;2,706.00;8,568.25;18,453.75;114,251.75;504.00;89,900.50;8,655.75;23,756.75;9,652.50;10,460.00
Aug 20, 2025;Aug 21, 2025;22,975.50;2,738.00;8,442.25;47,867.75;93,518.75;504.00;90,407.25;8,913.25;18,888.50;9,238.75;10,015.25
Aug 21, 2025;Aug 22, 2025;23,318.25;2,777.25;9,946.00;52,985.50;104,499.00;504.00;78,376.25;5,444.25;20,067.25;8,197.50;9,858.25
Aug 22, 2025;Aug 23, 2025;23,393.75;2,789.50;26,804.75;113,079.00;61,634.00;504.00;68,409.50;25.25;18,486.25;10,996.00;10,090.75
Aug 23, 2025;Aug 24, 2025;23,896.00;2,848.25;20,546.50;128,590.25;72,148.75;504.00;59,161.75;26.50;15,571.25;8,668.50;9,805.25
Aug 24, 2025;Aug 25, 2025;23,748.75;2,806.50;18,952.00;78,964.25;72,515.00;504.00;60,427.25;27.00;15,472.50;8,012.00;9,913.25
Aug 25, 2025;Aug 26, 2025;23,259.00;2,778.25;13,059.25;62,407.00;82,891.50;504.00;75,813.50;3,727.25;21,296.25;6,928.00;10,239.50
Aug 26, 2025;Aug 27, 2025;23,321.50;2,779.50;1,069.75;22,264.00;100,122.75;504.00;92,471.75;9,890.50;23,516.25;5,133.75;10,490.25
Aug 27, 2025;Aug 28, 2025;22,136.00;2,639.75;7,850.75;64,307.00;84,926.75;328.00;84,015.00;11,759.75;20,955.50;4,654.25;9,668.25
Aug 28, 2025;Aug 29, 2025;22,142.50;2,664.50;2,686.00;29,598.75;35,735.25;463.25;85,877.00;13,341.00;23,859.00;6,344.75;9,752.50
Aug 29, 2025;Aug 30, 2025;21,559.25;2,596.00;512.25;13,295.75;48,170.00;504.00;78,045.00;9,396.00;19,289.50;6,014.00;9,916.75
Aug 30, 2025;Aug 31, 2025;22,147.50;2,615.00;524.25;36,666.50;80,689.25;504.00;66,151.50;8,601.50;14,388.25;7,382.00;9,090.00
Aug 31, 2025;Sep 1, 2025;21,918.75;2,590.75;4,617.00;32,916.00;99,280.25;504.00;58,693.25;1,008.25;12,977.00;6,184.50;9,156.75
Sep 1, 2025;Sep 2, 2025;21,705.75;2,627.25;17,215.50;79,684.25;78,126.00;467.75;79,048.25;1,184.75;19,493.75;11,374.50;9,325.50
Sep 2, 2025;Sep 3, 2025;23,969.00;2,879.25;1,521.75;23,535.50;48,435.50;504.00;86,104.75;1,315.25;23,603.25;11,872.00;9,718.00
Sep 3, 2025;Sep 4, 2025;24,637.50;2,885.00;11,900.50;105,766.50;88,209.00;504.00;69,676.00;1,064.50;18,842.00;5,548.75;9,896.75
Sep 4, 2025;Sep 5, 2025;24,747.25;2,995.00;11,685.00;82,900.50;85,536.00;500.25;74,028.25;4,536.75;21,120.25;10,070.25;9,765.25
Sep 5, 2025;Sep 6, 2025;25,320.00;3,037.00;8,824.50;58,806.75;52,612.00;490.00;112,058.75;10,169.75;22,250.50;10,661.50;10,127.75
Sep 6, 2025;Sep 7, 2025;25,492.00;3,033.75;4,812.25;18,802.50;88,564.25;504.00;97,336.25;8,357.00;15,037.75;10,962.25;9,854.25
Sep 7, 2025;Sep 8, 2025;25,496.25;3,034.75;1,247.00;39,244.50;85,065.75;504.00;72,180.00;25.25;12,147.50;4,609.50;5,717.50
Sep 8, 2025;Sep 9, 2025;25,054.50;2,993.00;2,321.50;35,789.50;91,502.75;399.00;114,829.75;9,451.25;22,157.25;9,880.25;6,024.75
Sep 9, 2025;Sep 10, 2025;23,469.25;2,798.50;6,780.50;22,645.25;73,069.25;504.00;124,991.50;11,483.25;27,240.25;9,550.25;10,217.25
Sep 10, 2025;Sep 11, 2025;20,765.25;2,480.75;17,758.50;18,995.75;50,028.25;399.75;129,142.25;13,118.50;25,002.75;6,767.25;10,616.00
Sep 11, 2025;Sep 12, 2025;20,687.50;2,494.00;8,152.75;109,452.50;67,830.00;504.00;82,447.00;1,686.25;18,193.50;7,469.00;10,419.50
Sep 12, 2025;Sep 13, 2025;21,728.25;2,594.75;12,373.00;120,190.00;68,294.00;281.00;61,125.00;1,317.75;17,309.50;9,757.75;10,189.50
Sep 13, 2025;Sep 14, 2025;25,797.25;3,068.25;13,338.00;85,291.00;66,853.50;0.00;61,049.25;1,221.50;15,546.50;7,101.75;10,123.25
Sep 14, 2025;Sep 15, 2025;25,693.25;3,122.75;8,350.25;68,186.50;58,395.00;0.00;65,034.75;4,728.50;16,852.50;10,218.50;10,014.50
Sep 15, 2025;Sep 16, 2025;23,568.25;2,772.00;17,911.00;190,688.75;52,215.75;225.50;31,998.25;1,125.25;14,822.50;7,548.50;10,220.00
Sep 16, 2025;Sep 17, 2025;20,338.25;2,431.00;21,063.75;280,378.00;47,852.00;504.00;38,404.00;1,143.00;18,392.50;7,347.25;10,042.50
Sep 17, 2025;Sep 18, 2025;20,960.75;2,502.50;25,458.25;182,184.25;57,180.50;504.00;54,542.50;1,007.25;19,841.50;9,564.25;9,306.75
Sep 18, 2025;Sep 19, 2025;20,553.50;2,454.50;27,932.25;150,873.50;46,339.25;499.50;55,193.75;1,336.25;19,151.50;7,979.50;9,348.50
Sep 19, 2025;Sep 20, 2025;20,538.50;2,476.50;24,860.75;81,112.00;72,645.00;504.00;76,626.25;5,768.75;21,324.50;9,789.00;9,267.00
Sep 20, 2025;Sep 21, 2025;20,669.75;2,468.00;10,985.50;115,877.00;82,861.25;504.00;59,131.00;1,067.25;18,862.75;7,562.50;9,558.50
Sep 21, 2025;Sep 22, 2025;20,551.00;2,455.75;25,141.50;123,348.00;52,448.00;493.50;57,202.00;1,801.50;15,358.25;3,545.25;10,224.50
Sep 22, 2025;Sep 23, 2025;22,346.50;2,667.25;29,330.00;57,534.25;37,847.75;504.00;110,083.25;7,205.75;25,639.50;8,574.00;10,881.00
Sep 23, 2025;Sep 24, 2025;24,995.75;2,965.25;5,610.25;55,673.00;81,117.50;504.00;128,878.00;14,976.25;30,593.75;7,648.25;11,823.00
Sep 24, 2025;Sep 25, 2025;25,350.50;3,005.50;5,799.25;201,698.75;75,306.00;504.00;105,108.00;13,683.75;30,235.00;5,019.00;11,898.00
Sep 25, 2025;Sep 26, 2025;25,345.75;3,063.00;23,171.50;234,524.50;40,486.75;493.50;101,341.00;6,582.50;33,523.75;7,845.00;12,579.50
Sep 26, 2025;Sep 27, 2025;25,615.00;3,146.00;34,325.25;157,499.50;39,982.75;504.00;110,984.00;12,033.25;35,206.25;7,098.00;12,863.50
Sep 27, 2025;Sep 28, 2025;26,207.25;3,140.00;24,050.50;90,836.50;52,415.50;504.00;108,655.00;12,242.25;31,343.00;6,571.75;15,010.50
Sep 28, 2025;Sep 29, 2025;26,159.50;3,062.25;11,279.00;47,946.25;75,131.50;504.00;112,913.50;12,230.75;30,028.50;3,935.00;18,875.00
Sep 29, 2025;Sep 30, 2025;25,323.00;3,092.00;15,145.00;45,149.75;73,839.50;476.00;145,526.50;15,278.00;36,532.25;8,788.75;19,198.00
Sep 30, 2025;Oct 1, 2025;25,512.50;3,035.00;4,447.75;56,230.50;68,928.25;504.00;134,999.00;15,396.00;39,703.25;8,663.25;19,036.75
Oct 1, 2025;Oct 2, 2025;26,715.00;3,176.25;245.25;20,393.25;33,952.00;504.00;146,364.25;14,334.00;41,702.25;9,081.50;19,493.25
Oct 2, 2025;Oct 3, 2025;27,190.00;3,233.00;598.50;6,717.50;66,036.00;504.00;135,327.00;3,341.50;41,506.50;11,473.00;19,777.25
Oct 3, 2025;Oct 4, 2025;27,952.00;3,330.25;9,359.75;63,393.50;78,683.00;504.00;51,943.50;2,985.25;29,433.50;10,157.25;18,103.50
Oct 4, 2025;Oct 5, 2025;26,444.25;3,096.50;29,092.75;266,708.75;11,352.75;38.50;26,387.75;3,251.75;13,921.75;14,651.50;16,969.00
Oct 5, 2025;Oct 6, 2025;23,421.50;2,766.75;27,382.00;279,206.00;33,507.50;0.00;29,367.50;3,099.00;15,354.00;10,218.75;16,979.00
Oct 6, 2025;Oct 7, 2025;23,122.75;2,790.00;25,725.00;250,484.00;29,178.00;487.00;74,394.25;3,670.50;35,009.00;10,519.00;18,339.25
Oct 7, 2025;Oct 8, 2025;23,577.50;2,809.75;5,035.25;28,642.00;20,507.50;504.00;141,688.75;14,560.00;45,995.50;13,856.75;15,243.75
Oct 8, 2025;Oct 9, 2025;24,142.25;2,945.25;8,997.75;31,237.25;14,461.00;406.50;154,005.00;17,463.00;44,926.75;13,546.00;15,976.25
Oct 9, 2025;Oct 10, 2025;23,566.50;2,832.25;17,024.50;69,154.75;33,957.00;504.00;157,561.75;15,729.25;41,083.75;8,661.25;15,825.25
Oct 10, 2025;Oct 11, 2025;23,774.00;2,855.50;39,400.75;186,344.00;19,453.75;504.00;130,079.25;13,402.00;34,599.75;9,414.75;22,368.00
Oct 11, 2025;Oct 12, 2025;24,168.00;2,853.50;35,317.25;155,118.50;19,988.75;470.25;111,755.50;7,807.75;31,469.00;9,045.25;22,490.50
Oct 12, 2025;Oct 13, 2025;23,777.25;2,783.25;20,933.25;92,681.75;18,621.25;378.25;126,762.25;8,973.50;33,026.00;4,350.00;22,191.00
Oct 13, 2025;Oct 14, 2025;22,659.75;2,761.75;3,992.50;15,768.00;54,496.00;504.00;155,440.25;18,651.00;46,029.00;12,480.75;22,745.00
Oct 14, 2025;Oct 15, 2025;22,658.50;2,724.75;1,431.50;47,109.75;16,632.50;504.00;158,345.00;18,498.00;51,150.75;11,376.50;23,015.75
Oct 15, 2025;Oct 16, 2025;22,661.50;2,726.50;9,717.75;18,103.75;25,491.50;504.00;164,442.50;18,836.50;52,698.50;13,885.75;23,974.00
Oct 16, 2025;Oct 17, 2025;22,875.00;2,727.75;14,976.75;72,921.00;22,968.25;365.50;160,936.75;17,948.50;49,217.25;9,697.75;23,796.25
Oct 17, 2025;Oct 18, 2025;23,199.75;2,787.25;16,940.75;105,434.75;28,009.75;504.00;165,297.00;17,887.75;46,185.25;9,340.25;21,325.75
Oct 18, 2025;Oct 19, 2025;23,415.00;2,789.25;17,220.00;60,803.00;65,688.25;504.00;128,452.25;12,068.00;44,245.25;7,386.75;23,086.25
Oct 19, 2025;Oct 20, 2025;22,728.00;2,661.75;10,982.75;107,089.00;54,807.75;504.00;81,060.25;3,090.00;38,061.00;6,118.50;22,836.25
Oct 20, 2025;Oct 21, 2025;21,595.00;2,583.25;35,451.75;179,835.25;42,613.75;504.00;72,331.25;6,211.75;43,008.25;11,842.75;22,237.00
Oct 21, 2025;Oct 22, 2025;22,626.07;2,722.00;35,140.00;200,020.25;38,791.25;504.00;75,417.50;5,868.50;39,183.50;7,613.50;22,541.00
Oct 22, 2025;Oct 23, 2025;25,936.50;3,160.50;10,634.75;71,720.00;26,170.75;504.00;126,385.00;15,882.25;48,419.50;13,311.00;22,110.75
Oct 23, 2025;Oct 24, 2025;25,903.73;3,083.82;25,348.28;213,400.23;11,914.59;497.77;85,170.63;7,363.18;41,167.18;3,611.96;22,145.28
Oct 24, 2025;Oct 25, 2025;25,653.42;3,033.68;31,936.49;299,221.76;19,503.62;497.78;31,928.44;5,435.03;18,330.34;8,041.61;20,060.27
Oct 25, 2025;Oct 26, 2025;26,225.10;3,118.52;38,330.71;256,542.61;24,432.38;497.78;26,629.54;5,345.94;15,568.05;14,911.16;20,081.70
Oct 26, 2025;Oct 27, 2025;27,200.99;3,209.27;26,766.38;322,562.06;17,138.95;518.52;33,370.64;5,879.70;17,359.07;8,642.72;21,183.77
Oct 27, 2025;Oct 28, 2025;26,265.19;3,212.54;29,365.13;279,664.74;18,028.80;497.78;39,409.09;7,438.57;34,647.25;13,618.59;13,403.67
Oct 28, 2025;Oct 29, 2025;26,268.77;3,123.57;26,711.24;295,591.93;12,174.74;497.78;52,111.59;7,292.57;38,436.43;9,441.87;20,166.09
Oct 29, 2025;Oct 30, 2025;23,657.79;2,818.49;33,568.22;173,282.20;36,024.58;405.31;100,943.42;7,898.11;43,956.48;10,837.00;15,193.56
Oct 30, 2025;Oct 31, 2025;26,575.23;3,160.92;24,554.73;275,094.07;26,360.56;497.78;92,343.35;7,624.37;40,986.75;9,542.53;13,644.97
Oct 31, 2025;Nov 1, 2025;27,568.46;3,300.42;13,337.16;88,712.52;35,638.17;497.78;103,651.24;7,952.09;51,127.96;11,041.14;21,271.75
Nov 1, 2025;Nov 2, 2025;27,341.53;3,201.02;19,020.30;136,146.38;27,608.72;497.78;53,208.16;6,911.67;30,732.07;5,788.19;20,390.13
Nov 2, 2025;Nov 3, 2025;27,374.02;3,278.05;7,840.62;54,468.01;14,506.91;497.78;96,224.49;8,462.29;39,109.97;11,636.52;20,905.83
Nov 3, 2025;Nov 4, 2025;26,335.85;3,138.86;17,840.86;141,987.06;34,387.27;497.78;97,934.53;8,139.93;43,048.55;9,153.98;20,993.64
Nov 4, 2025;Nov 5, 2025;26,402.80;3,141.27;29,208.62;129,066.12;28,154.64;497.78;109,303.08;7,752.32;42,631.00;10,850.23;21,575.68
Nov 5, 2025;Nov 6, 2025;26,373.00;3,136.53;17,403.17;105,027.47;43,286.65;497.78;127,243.43;8,614.65;48,401.98;6,937.91;22,253.98
Nov 6, 2025;Nov 7, 2025;26,566.50;3,159.07;7,512.47;102,056.40;48,209.01;497.78;156,221.20;15,405.05;57,273.60;7,675.27;22,023.36
Nov 7, 2025;Nov 8, 2025;27,364.95;3,325.09;7,429.11;73,633.56;42,544.49;497.78;154,089.93;17,398.18;62,249.98;12,848.01;15,248.37
Nov 8, 2025;Nov 9, 2025;27,776.78;3,291.69;140.04;17,321.33;20,154.48;497.78;173,930.47;18,533.95;60,889.26;8,760.33;16,066.96
Nov 9, 2025;Nov 10, 2025;27,537.48;3,224.01;390.57;7,359.18;10,051.80;497.78;179,620.22;18,262.70;59,441.03;6,008.58;16,428.36
Nov 10, 2025;Nov 11, 2025;27,458.74;3,370.38;872.81;17,727.55;13,414.36;497.78;172,914.01;17,544.82;64,867.13;15,463.44;17,666.36
Nov 11, 2025;Nov 12, 2025;26,426.24;3,166.67;4,514.26;81,613.64;13,026.02;497.78;149,925.12;17,248.32;61,738.48;9,698.93;17,263.74
Nov 12, 2025;Nov 13, 2025;26,414.48;3,141.02;21,532.42;133,284.76;28,338.71;497.78;108,557.48;8,461.73;50,678.41;10,647.93;15,133.11
Nov 13, 2025;Nov 14, 2025;26,591.72;3,161.98;27,557.49;218,685.14;26,907.16;497.78;89,813.33;13,587.52;45,813.02;6,763.49;13,616.05
Nov 14, 2025;Nov 15, 2025;26,788.79;3,191.06;7,910.55;72,175.14;10,423.75;497.78;135,798.00;21,459.07;60,247.75;12,059.03;22,278.18
Nov 15, 2025;Nov 16, 2025;27,666.56;3,293.66;12,956.85;123,962.98;6,674.66;497.78;130,419.43;9,192.51;58,753.46;5,587.85;22,818.01
Nov 16, 2025;Nov 17, 2025;27,899.19;3,266.34;7,262.71;60,112.78;15,643.17;497.78;140,961.34;18,505.61;58,409.31;9,238.66;22,805.85
Nov 17, 2025;Nov 18, 2025;27,150.96;3,233.34;23,694.77;108,487.09;12,904.02;497.78;157,027.37;17,160.18;65,899.12;10,087.18;23,302.26
Nov 18, 2025;Nov 19, 2025;26,656.17;3,196.75;29,157.28;207,536.91;14,566.62;361.24;155,654.57;21,047.21;69,451.82;8,523.93;23,437.83
Nov 19, 2025;Nov 20, 2025;26,882.79;3,203.61;20,166.29;131,560.96;21,011.54;497.78;161,590.75;23,114.57;73,196.90;11,399.98;23,053.99
Nov 20, 2025;Nov 21, 2025;25,784.02;3,081.20;15,813.92;134,465.21;7,994.43;497.78;160,178.86;25,362.00;79,152.30;9,871.40;22,802.61
Nov 21, 2025;Nov 22, 2025;23,192.21;2,788.09;23,770.25;54,873.90;29,835.31;497.78;159,992.17;26,038.54;91,966.92;15,035.27;24,396.71
Nov 22, 2025;Nov 23, 2025;19,237.59;2,293.53;19,420.88;58,247.43;31,956.28;497.78;116,320.01;13,660.24;76,472.86;5,796.38;24,155.48
Nov 23, 2025;Nov 24, 2025;19,464.54;2,347.82;29,229.20;127,774.27;33,502.11;497.78;83,310.59;13,360.19;74,535.14;2,895.37;23,471.67
Nov 24, 2025;Nov 25, 2025;21,600.54;2,577.30;19,426.72;99,863.26;9,327.32;497.78;130,826.28;21,142.59;86,467.97;10,602.04;23,973.53
Nov 25, 2025;Nov 26, 2025;21,975.33;2,670.23;2,571.85;21,568.21;13,436.41;497.78;149,221.60;24,201.66;93,967.22;13,185.53;24,477.37
Nov 26, 2025;Nov 27, 2025;22,201.89;2,702.97;8,206.70;79,873.90;9,982.05;497.78;152,941.92;24,230.82;90,884.08;15,339.24;23,770.72
Nov 27, 2025;Nov 28, 2025;20,850.55;2,495.32;25,591.01;147,376.23;18,645.07;497.78;119,908.45;15,162.06;76,298.17;3,396.32;21,897.56
Nov 28, 2025;Nov 29, 2025;19,548.22;2,356.13;30,610.28;148,984.73;11,481.04;497.78;110,641.97;12,013.44;67,748.59;12,106.13;17,690.70
Nov 29, 2025;Nov 30, 2025;19,592.99;2,293.96;18,447.62;76,598.65;9,912.62;497.78;109,945.76;11,581.19;66,680.76;5,562.00;17,820.96
Nov 30, 2025;Dec 1, 2025;19,205.63;2,248.68;30,258.52;97,922.60;13,430.63;497.78;96,966.82;11,843.09;57,042.25;5,165.41;22,623.95
Dec 1, 2025;Dec 2, 2025;18,776.99;2,253.13;29,161.50;117,543.44;19,626.24;497.27;104,980.62;9,594.83;70,437.60;12,491.77;23,935.17
Dec 2, 2025;Dec 3, 2025;19,801.16;2,391.07;31,671.27;130,131.57;19,431.20;477.04;131,072.73;9,906.43;71,687.81;12,211.34;22,660.89
Dec 3, 2025;Dec 4, 2025;19,301.35;2,379.34;9,243.60;40,865.95;10,832.05;497.78;165,089.39;10,007.78;90,039.83;6,848.38;24,097.60
Dec 4, 2025;Dec 5, 2025;19,663.11;2,302.07;8,840.41;48,792.60;15,456.44;497.78;168,414.24;9,761.71;88,429.04;16,427.56;24,615.24
Dec 5, 2025;Dec 6, 2025;24,191.70;2,978.08;5,291.42;19,951.06;6,062.77;497.78;183,892.96;14,845.36;89,666.67;13,375.29;25,537.78
Dec 6, 2025;Dec 7, 2025;24,589.25;2,878.84;17,850.80;128,455.45;10,547.27;497.78;101,765.53;9,311.13;64,964.62;9,045.24;24,248.47
Dec 7, 2025;Dec 8, 2025;24,086.39;2,894.99;11,457.49;134,756.39;9,771.92;497.78;102,318.61;8,545.14;59,425.75;16,520.10;23,783.24
Dec 8, 2025;Dec 9, 2025;22,838.98;2,752.50;39,356.77;204,686.26;17,903.87;497.78;99,176.69;11,004.92;50,999.00;14,701.89;22,503.38
Dec 9, 2025;Dec 10, 2025;23,624.25;2,839.36;20,804.33;119,033.94;6,562.24;497.78;112,689.96;15,752.28;50,410.99;10,240.24;22,527.78
Dec 10, 2025;Dec 11, 2025;24,217.70;2,835.24;34,905.21;154,484.86;6,253.64;497.78;100,312.87;15,845.44;49,333.17;14,513.02;22,631.05
Dec 11, 2025;Dec 12, 2025;22,953.64;2,711.29;40,541.46;165,453.81;18,706.38;497.78;119,927.29;18,376.66;57,563.83;18,115.42;23,219.82
Dec 12, 2025;Dec 13, 2025;20,705.34;2,543.00;13,721.99;38,217.90;15,040.64;497.78;124,078.37;22,639.34;82,300.52;15,114.94;24,572.13
Dec 13, 2025;Dec 14, 2025;24,730.83;2,946.44;20,101.78;76,908.68;5,665.14;497.78;121,669.22;19,684.80;73,731.26;5,560.86;23,680.97
Dec 14, 2025;Dec 15, 2025;25,314.84;2,963.99;36,906.40;103,108.23;12,486.49;497.78;115,414.12;22,811.27;69,300.76;2,468.92;17,455.11
Dec 15, 2025;Dec 16, 2025;24,520.20;2,949.68;22,846.62;125,649.95;23,321.89;477.04;107,507.94;20,127.99;65,524.81;9,215.69;16,094.44
Dec 16, 2025;Dec 17, 2025;24,373.88;2,947.55;6,904.34;84,875.33;21,974.55;497.78;136,130.19;22,249.66;83,688.63;14,269.84;17,019.13
Dec 17, 2025;Dec 18, 2025;24,397.86;2,960.26;7,674.13;95,122.36;22,336.20;497.78;136,244.60;20,256.73;88,014.90;10,287.21;18,258.74
Dec 18, 2025;Dec 19, 2025;24,328.61;2,848.46;22,702.30;176,572.63;19,962.31;497.78;71,166.59;13,226.39;64,149.92;5,373.12;16,393.81
Dec 19, 2025;Dec 20, 2025;24,751.65;2,945.89;28,089.03;184,398.76;9,319.53;497.78;78,146.31;13,117.49;65,271.05;2,835.13;23,581.80
Dec 20, 2025;Dec 21, 2025;24,687.38;2,986.86;8,242.16;21,812.46;6,778.50;497.78;95,115.64;20,691.07;74,702.74;11,639.65;23,481.50
Dec 21, 2025;Dec 22, 2025;24,599.25;2,880.03;3,726.28;73,996.01;10,193.32;497.78;86,277.96;12,232.73;76,123.43;1,240.70;24,080.85
Dec 22, 2025;Dec 23, 2025;24,874.62;3,015.65;27,348.57;128,193.47;3,020.58;497.78;92,749.31;12,296.80;74,663.82;9,682.73;22,981.62
Dec 23, 2025;Dec 24, 2025;24,847.74;2,957.72;29,497.79;188,202.97;5,511.49;487.41;87,904.74;13,916.37;78,552.27;4,175.23;24,565.12
Dec 24, 2025;Dec 25, 2025;24,660.22;2,935.56;17,309.96;182,640.64;11,842.07;497.78;40,392.50;14,270.14;74,082.76;5,146.62;24,362.98
Dec 25, 2025;Dec 26, 2025;23,838.26;2,839.52;2,297.25;67,990.34;20,025.37;497.78;69,787.84;14,792.19;83,410.23;6,192.76;24,621.30
Dec 26, 2025;Dec 27, 2025;23,512.07;2,807.18;9,784.75;11,222.28;15,121.32;497.78;118,226.25;14,768.34;88,525.79;9,061.41;24,338.93
Dec 27, 2025;Dec 28, 2025;24,840.22;2,908.23;31,507.60;99,343.48;13,038.65;497.78;112,362.13;14,006.00;81,146.50;4,036.00;22,579.04
Dec 28, 2025;Dec 29, 2025;24,674.94;2,985.51;30,490.35;107,624.11;21,125.42;497.78;105,495.04;13,313.21;80,215.76;8,691.02;23,873.09
Dec 29, 2025;Dec 30, 2025;24,592.20;2,983.40;31,429.91;179,865.37;7,036.60;497.78;98,250.09;14,665.61;75,315.16;6,229.50;22,956.17
Dec 30, 2025;Dec 31, 2025;24,849.20;2,957.72;37,596.41;202,098.91;20,859.51;497.78;95,026.29;14,442.03;82,718.76;8,630.48;23,730.77
Dec 31, 2025;Jan 1, 2026;24,582.42;2,950.54;13,242.87;216,894.27;3,712.68;497.78;72,382.42;14,261.19;72,889.82;3,802.88;22,254.39
