Start date;End date;Biomass [MWh] Calculated resolutions;Hydropower [MWh] Calculated resolutions;Wind onshore [MWh] Calculated resolutions;Photovoltaics [MWh] Calculated resolutions;Other renewable [MWh] Calculated resolutions;Nuclear [MWh] Calculated resolutions;Lignite [MWh] Calculated resolutions;Hard coal [MWh] Calculated resolutions;Fossil gas [MWh] Calculated resolutions;Hydro pumped storage [MWh] Calculated resolutions;Other conventional [MWh] Calculated resolutions
Jan 1, 2024;Jan 2, 2024;18,824.00;2,729.75;181,662.50;6,683.25;1,786.25;-;26,998.25;22,431.25;24,423.00;4,222.50;12,859.50
Jan 2, 2024;Jan 3, 2024;19,506.00;2,812.50;204,857.50;2,127.50;1,769.50;-;33,392.75;23,558.50;40,135.00;6,698.75;14,579.50
Jan 3, 2024;Jan 4, 2024;19,536.25;2,802.00;214,682.00;6,763.75;1,824.50;-;29,954.75;24,773.50;34,936.25;4,585.50;14,100.25
Jan 4, 2024;Jan 5, 2024;20,107.75;2,927.00;128,493.75;5,967.25;1,742.25;-;65,170.00;30,431.00;65,778.25;4,126.50;14,419.75
Jan 5, 2024;Jan 6, 2024;20,286.25;2,879.75;120,528.75;5,369.25;1,838.75;-;75,799.50;35,428.75;70,523.25;1,819.50;14,305.25
Jan 6, 2024;Jan 7, 2024;20,387.00;2,669.25;23,566.25;1,867.50;1,836.75;-;89,925.00;32,197.50;65,509.00;1,119.75;17,834.25
Jan 7, 2024;Jan 8, 2024;20,043.50;2,612.50;72,991.00;3,101.00;1,793.25;-;81,296.50;30,573.50;62,537.50;1,651.50;17,896.25
Jan 8, 2024;Jan 9, 2024;20,311.50;2,549.25;111,396.25;9,708.00;1,528.50;-;119,605.50;37,250.75;113,264.75;1,177.75;18,376.75
Jan 9, 2024;Jan 10, 2024;20,372.25;2,494.75;110,484.25;16,708.25;1,529.50;-;143,175.75;73,976.75;142,856.50;3,723.25;17,665.25
Jan 10, 2024;Jan 11, 2024;20,410.00;2,666.00;57,885.50;14,299.75;1,553.25;-;165,238.75;96,055.00;170,282.00;3,377.00;15,043.25
Jan 11, 2024;Jan 12, 2024;20,351.00;2,615.00;32,990.75;14,597.75;1,659.50;-;172,787.50;96,010.25;167,727.00;3,569.25;15,021.25
Jan 12, 2024;Jan 13, 2024;20,586.25;2,596.50;12,980.50;3,163.75;1,655.75;-;163,663.00;90,917.00;160,894.25;3,946.75;14,870.50
Jan 13, 2024;Jan 14, 2024;20,558.75;2,397.25;57,552.25;2,097.75;1,557.50;-;124,405.50;67,920.75;99,780.25;1,293.75;15,378.00
Jan 14, 2024;Jan 15, 2024;20,202.75;2,404.00;79,917.50;4,996.25;1,557.50;-;107,317.00;57,743.50;80,421.00;1,171.00;15,043.75
Jan 15, 2024;Jan 16, 2024;20,141.00;2,472.00;106,357.50;3,886.00;1,556.25;-;120,589.00;60,071.25;111,271.50;2,636.25;16,096.25
Jan 16, 2024;Jan 17, 2024;20,037.50;2,467.50;62,240.75;8,291.75;1,527.00;-;150,507.00;91,699.50;137,913.75;4,451.50;16,700.25
Jan 17, 2024;Jan 18, 2024;20,482.25;2,451.25;32,870.75;2,585.25;1,596.75;-;160,959.75;88,559.50;140,332.50;3,969.00;14,913.25
Jan 18, 2024;Jan 19, 2024;20,612.25;2,505.75;22,638.25;7,849.25;1,663.50;-;159,915.50;75,786.25;140,298.50;3,101.25;15,227.00
Jan 19, 2024;Jan 20, 2024;20,665.00;2,457.00;61,037.25;6,481.25;1,575.75;-;148,380.00;62,679.50;106,840.50;2,723.25;15,726.25
Jan 20, 2024;Jan 21, 2024;20,560.25;2,327.75;69,835.75;9,536.00;1,448.50;-;85,449.00;42,505.00;90,734.50;5,025.50;15,262.00
Jan 21, 2024;Jan 22, 2024;20,183.75;2,341.25;163,168.75;5,245.75;1,440.75;-;34,307.75;30,720.25;63,432.25;1,064.25;15,571.50
Jan 22, 2024;Jan 23, 2024;20,315.75;2,368.25;211,964.75;4,724.00;1,454.00;-;38,634.00;34,147.00;55,060.50;3,786.25;14,703.00
Jan 23, 2024;Jan 24, 2024;20,250.00;2,498.25;190,005.50;12,491.00;1,554.25;-;54,305.50;36,530.50;68,670.75;4,272.50;15,572.75
Jan 24, 2024;Jan 25, 2024;19,754.00;2,480.50;209,504.75;7,999.25;1,495.75;-;34,068.50;33,742.50;49,652.75;3,723.00;13,206.00
Jan 25, 2024;Jan 26, 2024;20,651.50;2,713.25;69,368.75;15,333.75;1,516.00;-;80,129.00;48,244.75;84,622.25;5,084.50;13,077.00
Jan 26, 2024;Jan 27, 2024;20,291.00;3,042.75;149,578.00;6,640.75;1,458.75;-;74,692.50;50,548.50;63,309.50;1,004.00;15,110.50
Jan 27, 2024;Jan 28, 2024;20,654.75;3,187.50;42,974.50;28,199.00;1,478.25;-;67,358.50;33,882.75;59,028.00;3,993.50;15,720.00
Jan 28, 2024;Jan 29, 2024;20,522.00;3,068.00;80,303.50;30,080.50;1,484.75;-;49,498.00;28,783.50;57,287.75;1,921.75;16,033.75
Jan 29, 2024;Jan 30, 2024;20,804.00;3,038.50;68,966.00;24,420.75;1,500.50;-;78,869.25;40,739.50;87,062.75;3,582.00;13,839.25
Jan 30, 2024;Jan 31, 2024;21,026.75;2,960.50;94,885.25;11,556.25;1,524.50;-;107,261.25;48,663.25;88,727.75;2,249.50;14,742.75
Jan 31, 2024;Feb 1, 2024;20,654.00;2,946.75;66,810.00;9,610.00;1,576.25;-;101,527.25;46,994.50;72,518.50;3,743.00;14,847.50
Feb 1, 2024;Feb 2, 2024;20,441.25;4,289.25;95,900.25;16,943.00;1,609.25;-;82,935.75;51,294.50;65,483.25;4,747.50;15,807.50
Feb 2, 2024;Feb 3, 2024;20,620.50;4,213.75;146,530.00;14,502.75;1,606.25;-;64,086.75;39,568.25;64,971.75;2,951.25;15,535.50
Feb 3, 2024;Feb 4, 2024;19,831.50;4,022.25;163,942.50;10,644.50;1,594.75;-;32,052.00;28,104.25;40,340.75;5,180.75;16,204.25
Feb 4, 2024;Feb 5, 2024;19,344.75;3,855.50;196,902.50;7,596.75;1,579.25;-;29,598.00;22,182.75;34,140.75;5,805.75;16,682.75
Feb 5, 2024;Feb 6, 2024;19,392.25;3,980.25;211,947.00;18,497.50;1,543.25;-;31,785.25;29,826.25;63,558.50;6,895.25;16,331.75
Feb 6, 2024;Feb 7, 2024;19,288.00;3,914.50;226,050.00;8,912.00;1,574.50;-;35,921.00;29,367.25;57,534.00;3,065.00;13,955.25
Feb 7, 2024;Feb 8, 2024;20,610.25;3,935.75;106,847.50;8,278.00;1,587.00;-;121,896.25;45,827.25;100,981.75;4,182.50;15,849.50
Feb 8, 2024;Feb 9, 2024;20,935.00;3,861.25;89,842.50;6,286.75;1,605.50;-;166,170.00;56,003.00;132,128.50;4,466.75;16,873.00
Feb 9, 2024;Feb 10, 2024;20,802.50;3,863.00;124,252.50;6,943.00;1,673.75;-;119,233.75;29,117.50;74,691.75;2,075.50;15,272.00
Feb 10, 2024;Feb 11, 2024;20,798.00;3,816.00;35,349.00;15,010.75;1,829.00;-;120,747.50;28,037.50;63,161.50;1,441.25;17,601.25
Feb 11, 2024;Feb 12, 2024;20,392.75;3,734.00;64,830.75;9,132.00;1,814.50;-;98,288.50;27,016.00;54,329.50;1,713.25;17,795.25
Feb 12, 2024;Feb 13, 2024;20,972.50;3,793.75;56,765.25;12,764.25;1,774.50;-;136,886.00;32,607.25;85,052.75;5,374.00;16,544.25
Feb 13, 2024;Feb 14, 2024;20,739.25;3,794.00;76,839.75;25,639.25;1,712.50;-;120,856.75;34,447.25;75,248.25;2,681.00;17,055.25
Feb 14, 2024;Feb 15, 2024;20,608.50;3,780.25;135,330.25;9,532.00;1,583.50;-;128,125.75;42,981.25;62,662.25;2,103.50;16,392.50
Feb 15, 2024;Feb 16, 2024;20,712.75;3,760.00;80,343.25;17,165.25;1,573.75;-;127,780.00;41,224.50;77,866.00;1,474.50;18,166.50
Feb 16, 2024;Feb 17, 2024;20,580.25;3,792.00;97,549.25;10,749.75;1,607.75;-;86,129.00;33,505.25;73,133.25;2,189.25;18,540.00
Feb 17, 2024;Feb 18, 2024;20,884.50;3,694.50;27,149.25;15,457.50;1,611.50;-;93,705.25;33,175.50;74,095.75;4,731.50;17,864.75
Feb 18, 2024;Feb 19, 2024;20,269.75;3,742.75;120,505.25;12,415.50;1,661.75;-;48,593.75;24,322.00;54,800.00;1,216.25;17,558.75
Feb 19, 2024;Feb 20, 2024;20,698.25;3,818.00;109,702.75;10,580.75;1,658.50;-;77,424.50;30,575.00;59,283.00;3,526.25;16,041.25
Feb 20, 2024;Feb 21, 2024;20,834.00;3,906.00;85,332.75;18,077.50;1,651.25;-;87,143.00;39,507.50;77,232.75;3,270.50;15,524.75
Feb 21, 2024;Feb 22, 2024;20,719.25;3,839.25;127,273.50;17,578.50;1,662.25;-;73,153.25;31,732.75;69,622.25;4,949.75;15,898.75
Feb 22, 2024;Feb 23, 2024;20,260.75;3,781.00;181,796.25;8,482.00;1,606.50;-;76,826.00;18,436.00;56,706.25;5,138.50;14,678.50
Feb 23, 2024;Feb 24, 2024;20,487.25;3,829.00;153,730.25;15,767.25;1,765.00;-;79,306.00;15,221.25;73,683.75;4,872.00;14,123.00
Feb 24, 2024;Feb 25, 2024;20,649.50;3,836.50;95,632.50;23,851.75;1,759.00;-;86,055.50;11,732.25;56,580.50;1,611.50;14,800.00
Feb 25, 2024;Feb 26, 2024;20,642.75;3,859.75;81,726.50;27,652.50;1,697.00;-;88,583.75;10,533.00;55,608.25;2,869.50;15,076.75
Feb 26, 2024;Feb 27, 2024;20,690.50;3,922.00;90,753.50;12,484.00;1,690.25;-;139,432.25;22,237.25;76,568.00;620.00;16,158.75
Feb 27, 2024;Feb 28, 2024;21,108.75;3,931.00;39,985.75;24,782.50;1,683.75;-;158,746.25;35,906.25;117,855.50;3,896.75;16,582.50
Feb 28, 2024;Feb 29, 2024;21,015.50;3,922.00;17,491.50;24,036.00;1,647.75;-;158,733.50;34,540.75;122,469.50;4,754.50;15,515.00
Feb 29, 2024;Mar 1, 2024;20,717.50;3,873.50;73,561.00;29,549.25;1,700.00;-;101,824.50;35,171.75;92,677.50;3,658.25;13,729.00
Mar 1, 2024;Mar 2, 2024;20,548.75;3,982.50;100,359.75;20,762.50;1,685.25;-;100,700.00;31,355.50;77,072.25;2,711.75;13,858.50
Mar 2, 2024;Mar 3, 2024;20,521.75;3,898.75;93,017.25;38,710.00;1,651.25;-;70,777.75;24,559.00;56,635.50;2,859.00;14,693.00
Mar 3, 2024;Mar 4, 2024;20,300.25;3,841.00;45,591.25;42,846.00;1,550.50;-;71,355.50;22,929.25;52,514.50;858.25;16,416.25
Mar 4, 2024;Mar 5, 2024;20,425.25;3,738.75;20,161.00;8,152.50;1,611.50;-;169,886.75;45,265.50;91,628.25;4,451.25;19,327.50
Mar 5, 2024;Mar 6, 2024;20,266.00;3,736.50;10,498.50;10,381.25;1,649.75;-;187,434.00;56,223.75;116,928.50;1,561.25;18,335.50
Mar 6, 2024;Mar 7, 2024;20,654.25;3,762.50;10,834.75;24,878.50;1,623.00;-;178,163.25;53,862.25;106,234.75;4,128.25;18,950.25
Mar 7, 2024;Mar 8, 2024;20,849.00;3,757.75;67,996.75;26,846.75;1,712.00;-;150,662.00;35,467.00;79,944.25;5,491.25;18,460.50
Mar 8, 2024;Mar 9, 2024;20,575.75;3,707.50;126,833.25;52,374.00;1,652.00;-;58,504.50;26,856.00;49,714.25;7,515.00;17,442.00
Mar 9, 2024;Mar 10, 2024;20,130.75;3,551.00;82,794.75;48,869.75;1,656.25;-;27,865.00;24,587.50;46,831.00;7,524.25;18,105.50
Mar 10, 2024;Mar 11, 2024;19,823.50;3,533.50;88,588.00;26,698.75;1,666.00;-;41,448.25;28,291.75;45,376.25;1,441.75;18,579.25
Mar 11, 2024;Mar 12, 2024;20,231.00;3,688.00;64,638.00;23,071.75;1,658.75;-;113,490.50;36,180.25;90,612.75;5,657.75;17,345.50
Mar 12, 2024;Mar 13, 2024;20,666.25;3,770.50;46,281.00;10,258.75;1,625.75;-;166,031.75;53,510.50;118,872.75;4,944.00;15,750.75
Mar 13, 2024;Mar 14, 2024;20,809.50;3,765.75;45,770.50;12,148.00;1,651.00;-;152,911.50;45,719.25;103,711.75;7,073.00;17,561.00
Mar 14, 2024;Mar 15, 2024;20,809.50;3,773.50;47,974.75;46,575.75;1,627.50;-;104,307.25;41,232.75;92,728.75;8,737.25;17,248.50
Mar 15, 2024;Mar 16, 2024;20,642.00;3,792.25;121,976.50;24,108.75;1,634.50;-;67,813.75;25,639.75;57,166.75;6,735.25;16,032.75
Mar 16, 2024;Mar 17, 2024;20,365.50;3,937.75;75,923.50;22,378.00;1,599.50;-;53,796.25;21,781.75;51,065.25;5,735.25;13,420.00
Mar 17, 2024;Mar 18, 2024;20,430.50;3,909.50;20,801.00;36,294.25;1,548.00;-;69,566.75;22,092.25;44,461.25;4,203.25;13,477.75
Mar 18, 2024;Mar 19, 2024;20,561.75;3,903.50;14,410.50;21,640.00;1,591.75;-;136,509.75;42,202.75;89,561.00;8,127.75;14,808.25
Mar 19, 2024;Mar 20, 2024;20,417.75;3,887.50;6,931.25;38,246.50;1,595.25;-;149,343.00;47,934.75;89,972.75;6,013.25;14,594.75
Mar 20, 2024;Mar 21, 2024;20,587.50;3,814.25;4,519.75;48,871.25;1,564.25;-;151,546.00;56,697.50;111,270.00;7,919.00;12,362.00
Mar 21, 2024;Mar 22, 2024;20,425.00;3,878.50;38,820.25;33,186.25;1,534.25;-;125,099.00;44,851.50;97,137.25;4,503.00;15,922.75
Mar 22, 2024;Mar 23, 2024;20,492.25;3,878.25;69,216.00;28,485.25;1,692.25;-;72,170.00;29,408.75;76,702.25;5,079.00;16,444.75
Mar 23, 2024;Mar 24, 2024;20,262.00;3,917.25;111,402.75;36,084.50;1,783.25;-;37,905.00;10,579.25;45,045.25;6,687.00;16,893.75
Mar 24, 2024;Mar 25, 2024;19,920.25;4,022.25;179,162.50;27,334.25;1,712.75;-;34,348.50;10,201.75;34,964.00;4,107.00;16,940.75
Mar 25, 2024;Mar 26, 2024;20,780.00;3,953.00;54,897.50;57,698.00;1,680.50;-;109,147.00;20,027.25;82,362.25;8,041.25;16,415.25
Mar 26, 2024;Mar 27, 2024;20,508.00;3,856.00;69,139.25;37,910.50;1,728.00;-;90,025.50;28,667.00;66,833.75;5,669.50;14,302.75
Mar 27, 2024;Mar 28, 2024;20,483.50;3,582.50;39,446.50;24,041.50;1,683.50;-;60,144.00;22,913.00;71,217.75;6,697.00;15,494.75
Mar 28, 2024;Mar 29, 2024;20,296.00;3,630.75;141,047.25;31,136.00;1,657.50;-;42,542.75;18,166.25;53,643.00;5,695.75;15,155.75
Mar 29, 2024;Mar 30, 2024;20,237.00;3,604.50;96,301.25;26,308.25;1,699.75;-;36,351.50;18,409.00;40,124.50;9,206.50;17,556.25
Mar 30, 2024;Mar 31, 2024;20,220.25;3,842.00;64,054.75;23,733.00;1,674.00;-;60,582.50;18,681.50;48,280.50;5,708.50;17,469.50
Mar 31, 2024;Apr 1, 2024;18,831.25;3,674.00;40,357.25;47,075.25;1,549.25;-;44,352.75;16,629.75;20,926.75;6,913.00;5,533.75
Apr 1, 2024;Apr 2, 2024;18,917.00;2,995.00;70,503.00;18,228.25;1,642.75;-;44,340.00;15,292.50;32,871.00;2,590.50;17,537.00
Apr 2, 2024;Apr 3, 2024;19,061.25;3,027.25;151,519.75;34,349.75;1,566.00;-;43,394.00;20,701.50;39,308.00;6,779.75;18,062.25
Apr 3, 2024;Apr 4, 2024;19,633.25;3,046.00;91,219.50;19,369.75;1,591.75;-;110,577.00;24,025.00;78,225.25;5,459.75;15,709.00
Apr 4, 2024;Apr 5, 2024;19,034.50;2,996.50;159,684.50;26,171.00;1,565.25;-;72,197.25;19,764.50;48,558.75;2,929.25;17,401.25
Apr 5, 2024;Apr 6, 2024;18,969.00;3,218.75;132,014.00;34,011.75;1,588.25;-;54,212.25;28,147.75;45,728.25;4,448.00;16,673.00
Apr 6, 2024;Apr 7, 2024;18,628.50;3,024.00;88,103.50;63,184.00;1,522.25;-;40,177.25;23,712.00;33,752.75;6,042.25;17,252.75
Apr 7, 2024;Apr 8, 2024;18,246.25;2,976.25;73,216.25;50,101.00;1,471.00;-;39,884.25;18,004.50;40,956.75;6,683.50;19,192.25
Apr 8, 2024;Apr 9, 2024;18,573.25;2,997.25;32,385.75;50,589.75;1,393.00;-;98,306.00;39,590.00;75,470.75;10,065.00;18,604.75
Apr 9, 2024;Apr 10, 2024;18,053.50;3,168.00;139,047.00;23,495.00;1,412.75;-;59,166.00;19,310.50;51,340.50;6,397.00;18,078.75
Apr 10, 2024;Apr 11, 2024;19,204.75;3,345.25;46,672.75;47,569.50;1,471.25;-;66,174.75;31,558.25;62,870.00;10,802.50;16,579.25
Apr 11, 2024;Apr 12, 2024;19,363.25;3,241.50;51,509.75;41,730.25;1,519.75;-;62,493.75;31,571.25;67,247.50;6,248.00;17,277.75
Apr 12, 2024;Apr 13, 2024;19,393.75;3,120.50;41,664.25;43,764.75;1,549.00;-;59,916.25;15,517.75;41,155.25;7,518.25;18,494.75
Apr 13, 2024;Apr 14, 2024;18,576.50;3,206.00;69,292.75;64,485.50;1,541.00;-;35,482.25;7,985.00;33,063.25;9,449.50;18,117.00
Apr 14, 2024;Apr 15, 2024;18,359.50;3,201.25;47,285.50;60,509.00;1,547.00;-;45,306.50;7,300.25;39,051.50;6,595.50;17,990.25
Apr 15, 2024;Apr 16, 2024;18,892.50;3,379.00;125,402.50;40,910.00;1,603.50;-;59,203.75;9,780.75;49,519.50;10,482.00;19,121.00
Apr 16, 2024;Apr 17, 2024;19,080.00;3,617.25;152,115.25;30,350.00;1,622.00;-;76,151.75;25,080.25;49,234.25;2,368.50;17,429.00
Apr 17, 2024;Apr 18, 2024;19,577.75;3,608.00;33,634.00;38,107.00;1,566.00;-;123,053.75;55,459.50;102,362.25;4,314.75;15,338.75
Apr 18, 2024;Apr 19, 2024;19,700.00;3,562.75;31,673.25;47,039.50;1,560.00;-;124,404.25;49,850.75;89,480.50;7,490.50;13,660.25
Apr 19, 2024;Apr 20, 2024;19,350.50;3,332.25;171,514.75;24,322.00;1,641.50;-;47,101.75;22,683.75;47,162.50;6,355.00;14,949.50
Apr 20, 2024;Apr 21, 2024;19,415.75;3,153.75;70,234.00;44,472.75;1,604.50;-;53,819.25;12,595.50;36,002.00;4,747.00;15,594.00
Apr 21, 2024;Apr 22, 2024;18,839.75;3,090.00;71,408.25;47,463.50;1,613.75;-;60,178.50;16,843.50;40,891.25;491.25;16,493.50
Apr 22, 2024;Apr 23, 2024;19,318.25;3,099.50;28,483.50;51,228.00;1,596.25;-;109,583.75;26,475.75;114,284.25;8,240.75;15,006.50
Apr 23, 2024;Apr 24, 2024;18,870.75;3,048.00;23,059.50;56,413.50;1,596.25;-;87,946.00;39,519.50;130,433.25;3,664.75;13,255.25
Apr 24, 2024;Apr 25, 2024;18,716.50;2,930.75;71,980.50;45,543.25;1,593.25;-;95,888.75;30,630.25;113,326.00;4,980.00;14,948.75
Apr 25, 2024;Apr 26, 2024;19,042.50;2,963.75;56,194.50;41,959.00;1,593.50;-;116,159.00;30,192.25;112,254.75;4,449.50;15,617.25
Apr 26, 2024;Apr 27, 2024;19,245.75;2,890.50;39,958.25;46,607.25;1,603.00;-;120,462.25;33,117.50;103,697.00;6,282.50;15,954.75
Apr 27, 2024;Apr 28, 2024;19,063.00;2,817.75;56,995.25;60,684.50;1,602.75;-;62,711.25;9,869.00;41,940.75;8,322.50;17,045.25
Apr 28, 2024;Apr 29, 2024;18,372.50;2,809.75;104,642.25;44,871.00;1,544.75;-;35,057.75;4,757.25;36,811.25;2,545.00;16,429.75
Apr 29, 2024;Apr 30, 2024;18,872.75;2,855.75;25,228.25;66,453.00;1,514.00;-;53,008.50;12,550.50;75,914.00;9,509.00;15,833.00
Apr 30, 2024;May 1, 2024;18,526.75;2,809.75;14,093.00;74,363.50;1,538.50;-;53,788.25;7,831.75;64,029.25;8,382.00;14,411.75
May 1, 2024;May 2, 2024;17,428.50;2,814.75;45,409.25;74,275.25;1,389.00;-;38,941.75;4,840.50;31,185.75;5,766.50;16,632.50
May 2, 2024;May 3, 2024;17,494.75;2,916.75;65,244.00;60,645.25;1,489.50;-;43,695.25;17,791.25;43,251.75;5,138.75;15,858.50
May 3, 2024;May 4, 2024;18,400.25;3,214.00;85,774.50;26,996.25;1,641.50;-;60,720.00;16,309.00;55,215.50;8,438.25;14,411.75
May 4, 2024;May 5, 2024;18,416.50;3,024.25;27,032.75;55,091.75;1,631.75;-;52,061.00;5,857.25;64,668.25;6,539.50;16,987.75
May 5, 2024;May 6, 2024;17,966.00;2,938.75;37,039.75;50,117.00;1,621.75;-;50,261.75;8,482.25;30,824.00;1,102.25;15,969.75
May 6, 2024;May 7, 2024;18,294.75;3,071.75;26,422.50;37,077.50;1,559.25;-;78,681.75;24,376.00;94,167.50;7,010.75;14,951.00
May 7, 2024;May 8, 2024;18,617.25;3,207.75;23,193.50;38,872.50;1,547.50;-;83,872.00;32,367.00;113,618.25;4,914.75;14,930.00
May 8, 2024;May 9, 2024;18,833.50;3,381.50;19,642.75;49,147.50;1,612.50;-;97,655.50;22,189.75;113,550.75;6,857.25;16,237.50
May 9, 2024;May 10, 2024;18,501.75;3,422.00;12,167.00;79,087.50;1,601.25;-;61,251.50;5,985.50;64,026.75;5,160.75;17,774.25
May 10, 2024;May 11, 2024;18,564.00;3,429.25;10,930.00;81,642.75;1,552.50;-;49,492.75;9,569.75;67,611.25;5,957.25;18,002.75
May 11, 2024;May 12, 2024;18,300.25;3,237.25;28,418.50;86,475.50;1,537.50;-;43,105.75;7,930.00;44,532.50;6,230.25;17,645.25
May 12, 2024;May 13, 2024;17,557.75;3,287.00;53,929.50;85,638.50;1,496.50;-;32,090.25;9,194.75;36,815.25;4,685.00;17,073.25
May 13, 2024;May 14, 2024;17,924.25;3,328.75;31,844.00;68,411.75;1,449.00;-;47,369.75;6,646.25;64,987.00;8,911.75;15,309.50
May 14, 2024;May 15, 2024;17,691.00;3,344.50;63,890.25;83,195.75;1,413.75;-;44,730.25;10,296.25;52,414.75;8,392.00;15,003.25
May 15, 2024;May 16, 2024;17,902.00;3,379.50;31,382.50;48,676.75;1,442.25;-;64,778.25;20,782.75;86,200.00;7,933.75;14,267.00
May 16, 2024;May 17, 2024;17,948.25;3,667.50;25,760.50;52,996.00;1,420.75;-;60,275.25;20,975.50;91,655.75;6,705.00;15,142.00
May 17, 2024;May 18, 2024;18,374.25;3,941.00;41,448.50;29,158.25;1,504.00;-;72,803.25;18,858.50;68,309.00;6,673.75;15,327.50
May 18, 2024;May 19, 2024;18,145.50;3,783.75;26,435.75;54,244.75;1,540.75;-;56,998.75;7,788.50;41,519.50;5,406.50;17,879.00
May 19, 2024;May 20, 2024;17,995.00;3,842.00;13,011.75;52,225.25;1,522.50;-;49,677.50;4,751.25;30,562.25;2,642.25;17,780.00
May 20, 2024;May 21, 2024;18,251.25;3,755.50;6,019.75;74,190.00;1,543.50;-;53,590.50;5,745.25;29,835.00;6,065.00;14,688.75
May 21, 2024;May 22, 2024;17,980.25;3,643.50;45,414.75;38,531.50;1,504.25;-;78,724.00;10,207.75;81,286.50;6,521.50;19,012.00
May 22, 2024;May 23, 2024;18,023.75;3,770.00;50,016.50;44,392.75;1,519.50;-;93,048.50;16,851.00;77,017.25;5,597.00;17,968.25
May 23, 2024;May 24, 2024;18,419.50;3,803.50;27,738.75;64,315.25;1,442.75;-;100,235.75;28,677.50;75,846.50;4,669.50;15,847.75
May 24, 2024;May 25, 2024;18,474.75;3,960.75;12,024.00;40,301.25;1,447.50;-;98,440.75;32,195.75;119,775.75;3,665.25;16,486.50
May 25, 2024;May 26, 2024;18,313.25;3,871.50;11,418.00;63,216.25;1,477.25;-;67,869.75;9,604.00;45,055.25;4,629.25;17,479.50
May 26, 2024;May 27, 2024;18,148.75;3,807.50;35,006.25;71,552.50;1,429.50;-;54,846.75;8,699.75;36,207.00;1,844.50;19,763.75
May 27, 2024;May 28, 2024;18,274.50;3,819.75;21,893.25;56,540.25;1,403.50;-;86,308.00;24,025.25;74,758.00;4,050.75;21,009.00
May 28, 2024;May 29, 2024;18,562.75;4,143.25;44,394.25;63,815.25;1,426.50;-;105,146.00;27,404.00;59,775.50;4,806.25;18,568.75
May 29, 2024;May 30, 2024;18,748.75;4,059.00;79,448.75;42,314.00;1,415.00;-;67,935.25;23,244.25;55,272.75;5,075.25;18,324.25
May 30, 2024;May 31, 2024;18,927.50;4,282.50;16,931.50;54,397.50;1,434.75;-;87,780.50;4,225.75;74,183.00;2,991.75;18,157.00
May 31, 2024;Jun 1, 2024;18,832.50;4,359.25;24,449.00;44,098.75;1,414.75;-;86,457.00;2,793.75;48,940.25;5,073.50;19,429.75
Jun 1, 2024;Jun 2, 2024;18,067.25;4,299.75;42,338.00;31,952.25;1,491.50;-;43,823.00;3,498.50;29,405.25;5,779.00;16,578.00
Jun 2, 2024;Jun 3, 2024;17,782.50;4,298.50;51,184.00;33,201.50;1,377.00;-;46,810.50;3,582.25;25,545.25;2,653.25;15,518.25
Jun 3, 2024;Jun 4, 2024;18,713.25;3,199.00;14,539.50;43,527.25;1,342.25;-;112,728.50;13,151.00;97,257.50;10,583.75;18,541.25
Jun 4, 2024;Jun 5, 2024;18,249.75;4,291.25;18,525.00;68,366.25;1,340.50;-;105,457.50;11,325.50;89,646.50;8,385.50;18,506.00
Jun 5, 2024;Jun 6, 2024;17,974.50;4,270.25;59,652.75;52,876.00;1,375.25;-;87,181.75;1,858.50;59,527.50;5,583.50;15,291.00
Jun 6, 2024;Jun 7, 2024;18,430.00;4,279.50;20,736.75;76,776.50;1,417.75;-;114,731.75;799.50;77,696.75;4,502.00;15,185.00
Jun 7, 2024;Jun 8, 2024;18,474.50;4,248.50;12,048.00;80,756.00;1,471.00;-;92,036.50;1,064.25;83,321.25;7,851.75;18,671.00
Jun 8, 2024;Jun 9, 2024;18,093.75;4,226.00;34,809.50;81,492.25;1,535.75;-;52,497.00;4,824.00;49,751.50;7,630.75;18,257.25
Jun 9, 2024;Jun 10, 2024;17,895.50;4,243.00;30,012.75;82,222.25;1,452.50;-;41,902.00;15,110.25;61,575.25;5,656.25;18,069.00
Jun 10, 2024;Jun 11, 2024;18,396.50;4,261.50;86,522.00;45,793.75;1,467.75;-;78,311.50;12,616.25;72,688.25;7,552.00;18,599.75
Jun 11, 2024;Jun 12, 2024;18,220.00;4,272.25;63,041.00;61,392.25;1,392.00;-;60,844.50;26,489.75;51,884.75;5,073.50;17,702.50
Jun 12, 2024;Jun 13, 2024;18,412.00;4,256.50;30,541.75;60,833.75;1,406.75;-;90,459.25;16,543.75;60,964.50;5,205.50;15,321.00
Jun 13, 2024;Jun 14, 2024;18,641.75;4,185.50;15,975.50;72,779.25;1,417.50;-;116,877.50;14,189.50;70,240.25;8,192.75;13,756.00
Jun 14, 2024;Jun 15, 2024;18,189.00;4,168.25;76,715.75;37,336.75;1,450.75;-;76,955.25;13,023.00;36,665.25;8,347.50;14,787.25
Jun 15, 2024;Jun 16, 2024;17,721.00;3,913.75;119,349.75;65,570.75;1,457.00;-;34,221.00;3,452.00;27,955.25;8,176.00;15,541.00
Jun 16, 2024;Jun 17, 2024;17,789.25;3,822.00;82,012.00;55,518.00;1,471.50;-;43,116.25;5,873.75;27,431.75;6,184.00;18,127.50
Jun 17, 2024;Jun 18, 2024;18,636.50;3,967.75;30,339.50;58,104.50;1,345.50;-;88,408.50;18,765.00;56,001.50;4,866.00;16,132.00
Jun 18, 2024;Jun 19, 2024;18,553.75;4,017.00;15,072.50;51,232.75;1,362.00;-;123,155.50;30,883.50;94,886.50;4,356.00;16,770.25
Jun 19, 2024;Jun 20, 2024;18,314.75;4,069.50;18,155.75;55,868.00;1,353.00;-;112,265.00;28,294.25;70,166.00;5,476.25;18,064.50
Jun 20, 2024;Jun 21, 2024;18,412.00;3,850.50;33,864.25;51,602.50;1,440.25;-;123,325.25;26,037.50;78,450.00;6,005.25;19,308.00
Jun 21, 2024;Jun 22, 2024;18,055.75;4,104.00;44,177.00;32,623.75;1,476.50;-;122,010.00;32,428.50;103,036.50;4,199.75;17,852.00
Jun 22, 2024;Jun 23, 2024;18,102.50;4,158.00;49,326.75;62,483.25;1,426.50;-;38,245.00;1,758.25;28,867.25;6,427.75;18,339.25
Jun 23, 2024;Jun 24, 2024;17,813.00;4,169.75;7,064.25;70,691.25;1,460.75;-;45,946.75;5,302.50;33,641.75;4,398.75;19,149.00
Jun 24, 2024;Jun 25, 2024;18,054.25;4,113.50;16,870.25;86,041.00;1,427.25;-;73,598.75;19,541.75;67,043.75;6,630.00;21,088.50
Jun 25, 2024;Jun 26, 2024;17,656.50;4,036.50;35,153.25;93,894.00;1,387.25;-;92,425.25;12,971.00;63,872.25;5,972.00;18,511.00
Jun 26, 2024;Jun 27, 2024;17,403.75;3,429.25;15,168.50;83,759.25;1,361.25;-;103,986.50;18,576.25;70,256.75;7,699.00;17,349.50
Jun 27, 2024;Jun 28, 2024;17,281.00;3,473.25;17,927.25;75,477.50;1,294.75;-;106,500.50;26,363.75;80,663.50;6,993.50;15,629.00
Jun 28, 2024;Jun 29, 2024;17,727.75;4,028.25;42,059.50;81,743.25;1,436.50;-;76,318.00;7,059.75;52,413.00;5,213.75;16,106.25
Jun 29, 2024;Jun 30, 2024;17,724.25;4,082.25;15,701.75;81,513.75;1,397.25;-;53,712.25;741.75;49,235.75;7,544.00;18,158.50
Jun 30, 2024;Jul 1, 2024;17,249.75;4,191.00;44,742.50;33,186.00;1,349.25;-;52,225.00;4,022.75;34,004.50;556.25;18,444.50
Jul 1, 2024;Jul 2, 2024;17,749.00;4,275.75;39,337.00;53,419.00;1,328.00;-;111,325.50;14,857.50;68,974.50;6,012.50;19,421.00
Jul 2, 2024;Jul 3, 2024;17,878.00;4,175.50;42,915.50;31,073.75;1,356.75;-;122,511.50;15,945.00;45,695.75;815.25;17,167.25
Jul 3, 2024;Jul 4, 2024;18,138.00;4,193.25;22,435.75;37,628.25;1,355.25;-;128,626.50;13,392.25;70,063.75;7,580.25;17,935.00
Jul 4, 2024;Jul 5, 2024;17,363.50;3,716.25;101,213.75;61,474.00;1,326.25;-;34,364.00;5,004.25;37,718.75;6,148.50;17,568.25
Jul 5, 2024;Jul 6, 2024;17,820.75;3,638.75;72,629.75;53,311.50;1,315.75;-;42,462.50;1,238.00;39,078.00;6,667.50;16,310.25
Jul 6, 2024;Jul 7, 2024;17,358.25;4,140.50;112,228.50;58,038.50;1,354.50;-;36,721.25;1,521.75;29,081.75;6,399.00;15,239.00
Jul 7, 2024;Jul 8, 2024;17,654.75;4,180.50;40,638.25;69,382.75;1,319.25;-;46,378.50;4,093.00;30,661.75;9,667.50;17,632.75
Jul 8, 2024;Jul 9, 2024;17,874.25;4,188.00;8,707.00;78,491.25;1,323.75;-;88,198.00;15,346.75;69,613.75;7,508.75;17,183.75
Jul 9, 2024;Jul 10, 2024;17,171.75;3,981.75;39,409.00;88,451.00;1,274.75;-;89,057.50;11,558.50;65,551.25;4,371.50;17,226.75
Jul 10, 2024;Jul 11, 2024;17,635.25;3,874.25;29,298.75;58,530.00;1,267.50;-;99,290.00;20,960.00;63,816.25;6,227.00;15,132.25
Jul 11, 2024;Jul 12, 2024;17,674.00;4,030.00;14,728.75;72,699.25;1,436.50;-;100,854.75;24,655.00;85,033.25;7,408.00;15,162.75
Jul 12, 2024;Jul 13, 2024;17,940.50;4,205.50;78,290.75;38,657.75;1,481.50;-;81,704.50;15,976.00;71,513.00;3,995.50;14,419.25
Jul 13, 2024;Jul 14, 2024;17,912.50;4,215.00;52,526.25;51,542.00;1,506.50;-;38,038.00;1,535.25;31,847.25;5,430.00;17,258.75
Jul 14, 2024;Jul 15, 2024;17,327.75;4,165.50;21,672.50;77,329.25;1,407.75;-;38,182.25;1,290.50;33,113.00;4,117.25;17,600.75
Jul 15, 2024;Jul 16, 2024;17,301.50;3,960.75;16,315.75;84,465.25;1,358.50;-;55,424.75;4,626.50;69,357.50;10,874.00;18,710.00
Jul 16, 2024;Jul 17, 2024;17,300.00;3,876.00;101,836.00;62,094.50;1,363.25;-;64,998.25;4,494.50;52,561.00;2,052.25;16,588.75
Jul 17, 2024;Jul 18, 2024;17,550.25;3,859.50;32,829.75;56,480.75;1,361.25;-;70,931.25;6,726.75;57,391.75;7,665.25;15,740.75
Jul 18, 2024;Jul 19, 2024;17,602.00;3,816.75;9,599.25;81,536.25;1,328.00;-;98,222.00;26,416.25;92,705.25;7,324.00;15,335.25
Jul 19, 2024;Jul 20, 2024;17,286.00;3,664.00;14,533.75;75,357.50;1,433.00;-;102,446.75;15,749.00;75,307.00;7,566.25;14,874.25
Jul 20, 2024;Jul 21, 2024;16,441.75;3,467.25;10,348.00;82,992.75;1,361.00;-;57,392.75;2,116.50;34,513.00;6,787.75;17,578.00
Jul 21, 2024;Jul 22, 2024;16,217.50;3,381.25;26,738.50;58,101.75;1,229.75;-;48,753.25;3,293.00;38,794.75;5,060.25;18,580.25
Jul 22, 2024;Jul 23, 2024;16,810.25;3,529.25;27,932.50;67,914.75;1,281.25;-;59,034.25;5,724.00;60,113.25;8,528.75;20,181.00
Jul 23, 2024;Jul 24, 2024;16,907.00;3,534.25;65,065.75;50,409.50;1,407.75;-;66,618.25;14,631.75;61,133.75;4,470.75;18,311.75
Jul 24, 2024;Jul 25, 2024;17,124.75;3,804.25;18,999.25;64,068.50;1,231.00;-;71,875.25;20,137.25;62,710.25;6,237.50;15,739.00
Jul 25, 2024;Jul 26, 2024;17,231.25;3,782.25;5,164.25;72,126.00;1,238.75;-;69,296.25;23,805.00;67,079.50;5,988.50;15,689.00
Jul 26, 2024;Jul 27, 2024;17,195.25;3,699.75;26,861.50;48,294.50;1,233.50;-;76,869.00;17,931.50;71,113.00;5,093.50;15,331.50
Jul 27, 2024;Jul 28, 2024;16,916.50;3,698.50;11,762.50;38,955.50;1,251.00;-;75,022.50;14,275.75;82,586.00;4,257.75;18,057.50
Jul 28, 2024;Jul 29, 2024;16,457.25;3,723.75;25,718.25;75,826.75;1,199.50;-;59,715.00;3,196.25;31,901.25;4,832.50;19,746.75
Jul 29, 2024;Jul 30, 2024;16,330.25;3,728.25;22,020.25;91,654.00;1,149.00;-;72,653.25;10,196.25;52,793.50;7,645.25;19,607.50
Jul 30, 2024;Jul 31, 2024;16,020.25;3,446.00;12,037.75;85,006.50;1,131.00;-;95,474.75;39,831.25;70,980.00;5,832.75;18,272.50
Jul 31, 2024;Aug 1, 2024;16,035.00;3,230.75;8,265.50;56,378.00;1,159.25;-;98,849.00;46,503.75;77,787.75;3,795.75;20,492.00
Aug 1, 2024;Aug 2, 2024;16,135.00;3,682.50;15,938.00;37,391.50;1,222.50;-;109,284.25;53,623.00;77,174.00;2,009.00;18,937.00
Aug 2, 2024;Aug 3, 2024;16,184.50;3,983.50;9,179.00;67,417.00;1,228.75;-;108,095.25;46,350.25;64,512.25;5,213.25;18,300.50
Aug 3, 2024;Aug 4, 2024;16,208.00;4,000.50;22,877.25;60,457.50;1,275.75;-;61,169.75;14,531.75;37,092.75;7,502.25;15,585.50
Aug 4, 2024;Aug 5, 2024;16,296.50;3,989.25;24,780.25;49,222.50;1,260.00;-;54,558.25;4,431.25;26,533.25;2,498.75;13,337.00
Aug 5, 2024;Aug 6, 2024;16,755.25;4,031.25;3,608.25;72,544.50;1,244.50;-;99,609.00;16,682.00;60,787.50;7,880.00;12,740.25
Aug 6, 2024;Aug 7, 2024;16,302.00;3,783.75;6,803.00;82,204.75;1,238.00;-;100,956.50;21,247.00;76,885.75;6,679.50;14,019.75
Aug 7, 2024;Aug 8, 2024;16,478.25;3,748.00;18,139.25;47,997.75;1,205.00;-;111,673.25;21,553.00;79,062.50;6,842.25;13,392.00
Aug 8, 2024;Aug 9, 2024;17,247.75;3,755.75;16,060.25;61,859.50;1,210.75;-;102,725.50;26,614.75;61,855.75;5,312.25;13,513.25
Aug 9, 2024;Aug 10, 2024;16,858.25;3,608.25;89,385.25;51,791.00;1,221.75;-;48,983.75;16,386.50;54,003.00;5,890.50;16,752.00
Aug 10, 2024;Aug 11, 2024;16,989.75;3,449.00;25,136.25;80,806.25;1,184.25;-;45,265.75;5,179.00;28,229.00;6,232.75;19,082.50
Aug 11, 2024;Aug 12, 2024;17,004.25;3,329.50;12,287.25;83,592.75;1,176.25;-;53,011.50;1,109.00;31,086.75;4,986.75;19,423.25
Aug 12, 2024;Aug 13, 2024;16,956.00;3,232.50;35,961.75;79,003.00;1,126.75;-;81,145.00;18,406.75;53,903.25;8,110.00;19,269.25
Aug 13, 2024;Aug 14, 2024;16,413.25;3,206.50;27,315.75;69,566.50;1,035.75;-;100,483.75;31,118.75;58,779.00;3,872.25;18,671.25
Aug 14, 2024;Aug 15, 2024;17,327.50;3,262.00;17,143.00;47,028.50;1,099.75;-;112,584.50;33,877.50;81,474.50;8,921.75;15,441.25
Aug 15, 2024;Aug 16, 2024;17,408.50;3,294.75;20,168.25;70,128.25;1,216.50;-;98,159.00;40,715.25;63,777.75;2,848.25;14,290.00
Aug 16, 2024;Aug 17, 2024;17,766.25;3,285.25;34,584.75;58,637.75;1,286.00;-;105,008.75;31,043.75;66,822.50;8,780.75;17,132.75
Aug 17, 2024;Aug 18, 2024;17,430.75;3,221.25;14,357.00;46,487.00;1,331.50;-;100,329.50;29,088.00;62,137.25;4,332.00;18,015.50
Aug 18, 2024;Aug 19, 2024;16,844.75;3,612.25;17,631.25;37,364.75;1,312.25;-;100,883.75;27,440.00;27,389.75;2,415.75;17,963.00
Aug 19, 2024;Aug 20, 2024;16,753.25;3,783.00;8,569.25;58,916.75;1,285.00;-;113,018.25;28,040.50;54,032.25;6,110.75;16,784.25
Aug 20, 2024;Aug 21, 2024;16,631.25;3,613.25;33,995.75;57,151.50;1,281.75;-;102,900.75;29,010.25;53,145.25;7,225.75;17,598.75
Aug 21, 2024;Aug 22, 2024;16,909.00;3,347.75;67,058.00;61,327.75;1,307.25;-;54,783.00;20,158.25;36,297.25;4,739.50;14,265.25
Aug 22, 2024;Aug 23, 2024;17,372.00;3,247.50;64,472.00;73,117.50;1,431.00;-;44,843.50;19,374.00;36,786.75;7,190.00;15,037.25
Aug 23, 2024;Aug 24, 2024;17,015.75;3,147.75;118,187.00;57,867.75;1,456.25;-;35,609.00;27,693.50;29,025.50;6,451.25;17,495.25
Aug 24, 2024;Aug 25, 2024;16,854.75;3,034.75;79,510.50;72,850.50;1,313.75;-;36,277.00;11,717.50;23,129.50;8,306.00;15,086.75
Aug 25, 2024;Aug 26, 2024;17,110.25;3,087.50;64,963.75;60,831.25;1,238.25;-;36,755.25;16,809.00;31,599.50;3,511.00;15,147.50
Aug 26, 2024;Aug 27, 2024;17,783.50;3,046.00;18,143.25;62,096.75;1,201.00;-;65,314.25;33,789.75;72,192.25;7,666.75;17,832.50
Aug 27, 2024;Aug 28, 2024;17,169.50;2,900.50;19,881.00;73,543.25;1,179.75;-;80,382.00;39,357.75;85,572.50;6,172.25;15,402.50
Aug 28, 2024;Aug 29, 2024;17,044.25;2,819.50;27,400.00;76,529.50;1,182.00;-;86,133.25;36,644.25;76,933.75;7,340.75;15,584.25
Aug 29, 2024;Aug 30, 2024;16,961.75;2,760.25;35,650.00;68,439.00;1,168.00;-;90,531.50;37,706.75;102,616.50;8,525.00;15,550.00
Aug 30, 2024;Aug 31, 2024;16,748.00;2,728.50;27,941.25;43,759.25;1,208.00;-;93,852.00;37,363.75;111,456.25;6,467.25;15,888.75
Aug 31, 2024;Sep 1, 2024;16,791.50;2,692.75;64,801.00;69,398.00;1,264.25;-;46,987.75;22,338.00;39,241.25;5,623.75;17,665.25
Sep 1, 2024;Sep 2, 2024;16,293.00;2,652.25;55,097.75;70,852.75;1,260.75;-;39,155.75;16,652.25;42,354.00;1,365.25;16,908.25
Sep 2, 2024;Sep 3, 2024;16,327.75;2,661.25;20,998.50;53,715.00;1,200.50;-;87,202.50;37,787.25;97,518.00;7,008.00;16,755.25
Sep 3, 2024;Sep 4, 2024;16,820.75;2,643.00;3,900.50;55,371.25;1,206.75;-;93,848.00;53,889.75;129,217.25;6,602.50;14,244.00
Sep 4, 2024;Sep 5, 2024;17,402.00;2,710.50;7,117.50;29,136.75;1,244.25;-;85,856.50;60,424.00;145,009.75;5,766.25;12,873.00
Sep 5, 2024;Sep 6, 2024;17,491.50;2,758.00;64,565.75;57,459.50;1,303.25;-;59,713.50;33,443.00;89,037.50;5,853.75;13,546.50
Sep 6, 2024;Sep 7, 2024;17,586.50;2,737.50;42,074.00;32,306.00;1,038.25;-;71,780.75;41,359.00;87,834.00;6,518.50;12,368.50
Sep 7, 2024;Sep 8, 2024;17,441.50;2,677.50;19,947.00;65,588.75;973.00;-;68,913.75;25,209.50;50,481.50;6,117.75;11,980.25
Sep 8, 2024;Sep 9, 2024;17,068.75;2,714.25;33,568.25;40,380.50;942.75;-;66,568.75;25,003.50;33,624.00;3,636.25;12,914.25
Sep 9, 2024;Sep 10, 2024;17,668.75;3,019.25;56,710.25;29,315.00;894.75;-;98,282.00;34,191.75;86,594.50;7,124.25;12,229.75
Sep 10, 2024;Sep 11, 2024;17,215.50;3,183.50;121,154.50;33,164.00;955.25;-;60,611.75;23,740.50;39,955.50;5,527.25;11,301.00
Sep 11, 2024;Sep 12, 2024;17,673.00;3,242.50;103,907.00;37,193.00;982.75;-;65,053.50;24,972.75;46,069.75;3,423.75;12,350.50
Sep 12, 2024;Sep 13, 2024;18,037.75;3,379.50;33,932.75;46,058.25;988.25;-;72,015.00;35,595.25;103,272.00;7,064.50;12,471.25
Sep 13, 2024;Sep 14, 2024;17,797.25;3,356.50;45,461.75;42,038.75;1,015.00;-;53,010.50;28,191.00;53,357.00;7,667.25;13,320.00
Sep 14, 2024;Sep 15, 2024;17,953.25;3,371.25;44,493.25;44,064.00;1,053.75;-;31,550.75;21,982.25;30,620.75;5,334.00;14,519.50
Sep 15, 2024;Sep 16, 2024;18,003.50;3,346.00;15,469.00;54,802.25;1,039.50;-;43,252.75;17,715.25;30,258.50;3,300.50;14,737.75
Sep 16, 2024;Sep 17, 2024;18,308.75;3,252.25;33,836.75;26,188.00;1,014.50;-;103,266.75;32,298.50;83,322.75;7,376.50;14,707.50
Sep 17, 2024;Sep 18, 2024;18,091.75;3,226.25;79,284.50;36,318.25;995.00;-;103,589.25;33,955.75;49,881.00;6,315.25;14,264.25
Sep 18, 2024;Sep 19, 2024;17,887.75;3,186.50;105,310.25;55,872.50;1,011.50;-;98,711.50;31,968.25;43,189.00;2,360.00;16,297.00
Sep 19, 2024;Sep 20, 2024;17,778.00;3,135.75;103,606.25;55,458.00;1,046.50;-;95,661.25;29,072.75;35,217.00;6,173.75;16,782.00
Sep 20, 2024;Sep 21, 2024;18,137.25;3,067.75;76,743.50;63,500.00;1,077.50;-;79,932.25;19,611.50;31,979.00;6,243.00;17,201.25
Sep 21, 2024;Sep 22, 2024;18,422.25;2,969.25;20,900.75;64,426.75;1,037.50;-;79,663.25;11,360.50;29,709.50;5,980.25;16,932.00
Sep 22, 2024;Sep 23, 2024;18,096.25;2,870.50;4,239.25;53,476.00;1,007.00;-;87,740.75;21,037.25;37,701.25;3,459.25;16,883.25
Sep 23, 2024;Sep 24, 2024;18,402.00;2,877.50;25,500.75;29,813.00;1,002.25;-;118,972.00;39,412.50;68,950.00;7,793.50;15,321.50
Sep 24, 2024;Sep 25, 2024;18,222.25;3,093.75;78,687.50;30,088.50;1,020.75;-;105,487.25;37,715.75;49,566.25;3,519.50;14,451.75
Sep 25, 2024;Sep 26, 2024;18,421.50;3,126.00;92,916.75;22,390.00;1,061.00;-;102,180.75;24,082.00;38,125.75;6,337.50;13,275.00
Sep 26, 2024;Sep 27, 2024;18,387.00;3,235.00;158,241.25;15,028.25;1,144.50;-;56,042.00;9,114.25;15,678.75;5,079.00;15,058.00
Sep 27, 2024;Sep 28, 2024;17,683.00;3,422.50;192,528.50;33,095.00;1,453.00;-;37,064.75;8,849.00;17,515.75;4,668.00;13,434.50
Sep 28, 2024;Sep 29, 2024;17,928.50;3,474.75;62,321.25;40,756.00;1,485.75;-;41,268.00;9,090.25;16,768.50;9,257.25;15,341.75
Sep 29, 2024;Sep 30, 2024;18,325.50;3,491.75;39,326.25;47,767.50;1,454.50;-;44,513.25;10,844.50;11,906.75;8,898.00;15,712.75
Sep 30, 2024;Oct 1, 2024;18,142.75;3,455.00;115,778.50;21,090.00;1,415.00;-;54,059.00;24,769.25;52,995.00;10,570.75;16,404.25
Oct 1, 2024;Oct 2, 2024;18,984.50;2,987.75;87,211.50;19,391.75;1,406.50;-;85,897.00;34,630.75;35,953.00;5,663.00;15,474.50
Oct 2, 2024;Oct 3, 2024;18,939.75;3,032.00;22,901.00;22,726.75;1,447.50;-;117,437.25;47,152.75;48,673.50;4,534.50;15,905.50
Oct 3, 2024;Oct 4, 2024;18,808.75;3,020.25;57,890.50;26,357.25;1,444.50;-;116,929.50;9,679.50;15,618.75;5,031.75;14,796.50
Oct 4, 2024;Oct 5, 2024;18,909.25;2,997.00;31,433.50;29,542.00;1,384.25;-;129,343.75;26,530.75;28,500.50;5,867.00;16,094.25
Oct 5, 2024;Oct 6, 2024;18,506.75;2,977.00;18,746.75;45,037.25;1,390.00;-;122,488.75;24,516.75;16,858.50;4,322.75;16,526.50
Oct 6, 2024;Oct 7, 2024;18,119.00;2,927.00;72,319.50;41,758.50;1,386.00;-;87,690.50;9,924.50;19,379.25;5,080.25;15,816.25
Oct 7, 2024;Oct 8, 2024;18,658.25;2,862.25;61,330.50;30,229.50;1,378.75;-;118,990.00;24,525.75;41,158.25;7,461.50;14,009.00
Oct 8, 2024;Oct 9, 2024;18,468.50;2,888.75;89,037.25;20,278.50;1,396.00;-;127,365.75;25,425.50;27,543.00;5,150.75;14,716.75
Oct 9, 2024;Oct 10, 2024;18,295.50;3,007.75;108,249.75;17,953.25;1,393.00;-;114,207.50;11,493.00;31,082.75;8,622.50;14,273.75
Oct 10, 2024;Oct 11, 2024;18,404.00;2,971.75;110,794.75;20,016.25;1,497.50;-;65,946.00;22,262.75;45,957.00;5,740.50;14,196.75
Oct 11, 2024;Oct 12, 2024;19,352.00;3,004.50;19,127.75;35,225.75;1,449.00;-;109,441.75;28,889.25;45,643.25;10,386.25;14,170.25
Oct 12, 2024;Oct 13, 2024;18,857.75;3,054.25;62,842.50;23,971.75;1,322.50;-;51,148.00;3,306.25;21,123.50;5,432.25;13,911.00
Oct 13, 2024;Oct 14, 2024;17,900.00;3,064.00;132,570.50;27,421.25;1,360.00;-;37,919.50;9,706.25;24,313.50;1,259.75;15,683.50
Oct 14, 2024;Oct 15, 2024;19,437.25;3,076.00;15,881.25;15,245.25;1,170.50;-;93,699.75;30,875.50;91,373.75;8,204.50;17,439.00
Oct 15, 2024;Oct 16, 2024;19,194.00;3,077.25;64,084.25;25,659.25;1,077.50;-;117,209.75;27,172.50;59,699.50;6,658.25;17,597.50
Oct 16, 2024;Oct 17, 2024;18,736.25;3,039.25;104,451.75;23,865.50;1,011.00;-;50,696.50;29,859.25;74,404.50;6,062.00;16,392.25
Oct 17, 2024;Oct 18, 2024;19,122.75;2,954.75;62,100.25;22,770.25;1,108.50;-;89,180.50;19,276.00;64,914.50;4,356.00;14,465.75
Oct 18, 2024;Oct 19, 2024;19,295.00;2,910.25;12,266.50;19,535.25;1,292.75;-;132,171.75;30,644.50;61,194.75;7,458.50;15,549.00
Oct 19, 2024;Oct 20, 2024;19,162.50;2,880.25;40,977.25;15,482.25;1,449.25;-;88,927.00;1,988.50;38,907.50;4,554.00;16,095.00
Oct 20, 2024;Oct 21, 2024;18,742.50;2,789.25;87,544.50;20,087.25;1,454.50;-;46,317.25;291.00;27,574.75;4,108.75;17,270.75
Oct 21, 2024;Oct 22, 2024;19,256.00;2,731.50;61,572.25;24,754.75;1,501.75;-;93,710.00;21,477.75;71,479.50;5,734.75;16,511.75
Oct 22, 2024;Oct 23, 2024;19,344.25;2,700.00;49,722.75;28,787.00;1,536.50;-;111,507.00;26,439.75;65,786.50;3,573.00;17,049.75
Oct 23, 2024;Oct 24, 2024;19,347.50;2,723.75;18,389.25;29,774.75;1,476.25;-;124,990.50;39,270.75;80,584.75;8,268.00;16,202.00
Oct 24, 2024;Oct 25, 2024;19,157.25;2,689.50;51,976.25;18,793.25;1,421.00;-;136,286.25;38,803.50;56,820.50;3,656.25;17,271.75
Oct 25, 2024;Oct 26, 2024;19,158.00;2,634.50;41,241.50;30,630.50;1,406.75;-;126,090.75;34,071.25;80,968.50;5,483.25;16,872.75
Oct 26, 2024;Oct 27, 2024;18,756.50;2,573.75;24,097.50;27,935.50;1,475.00;-;126,500.00;31,005.50;41,924.50;3,221.50;17,323.50
Oct 27, 2024;Oct 28, 2024;19,424.50;2,623.75;20,739.00;19,192.50;1,455.00;-;120,657.00;22,379.00;28,706.75;4,360.50;18,179.00
Oct 28, 2024;Oct 29, 2024;18,814.00;2,443.75;51,722.25;20,490.00;1,349.25;-;135,557.50;33,181.00;76,051.25;1,921.25;17,385.25
Oct 29, 2024;Oct 30, 2024;18,530.00;2,419.25;28,311.50;17,463.50;1,400.00;-;143,570.50;23,038.25;99,885.50;5,853.00;16,654.25
Oct 30, 2024;Oct 31, 2024;18,511.75;2,394.50;3,842.00;13,406.75;1,379.00;-;144,828.25;35,086.00;105,124.00;4,109.25;12,996.25
Oct 31, 2024;Nov 1, 2024;18,674.00;2,358.75;6,870.75;11,352.25;1,484.50;-;139,708.50;48,142.75;81,084.25;6,427.00;13,357.50
Nov 1, 2024;Nov 2, 2024;18,534.25;2,146.00;23,367.25;10,172.00;1,478.75;-;104,039.75;27,981.25;52,041.50;5,209.50;13,623.50
Nov 2, 2024;Nov 3, 2024;18,705.75;2,112.25;25,389.00;9,894.75;1,496.50;-;126,572.25;30,105.25;44,323.50;5,321.25;6,678.25
Nov 3, 2024;Nov 4, 2024;18,015.50;2,093.25;15,623.25;27,454.00;1,382.00;-;121,065.00;27,582.00;39,082.25;1,371.50;7,443.00
Nov 4, 2024;Nov 5, 2024;18,911.00;2,061.75;48,519.25;25,796.25;1,396.75;-;123,168.50;35,739.00;115,752.00;5,971.25;8,276.25
Nov 5, 2024;Nov 6, 2024;19,302.00;2,043.00;27,663.50;20,052.00;1,497.75;-;114,473.75;33,594.00;133,057.25;6,207.25;8,298.75
Nov 6, 2024;Nov 7, 2024;19,849.00;2,026.75;2,575.00;9,194.00;1,497.75;-;116,840.00;41,102.00;161,302.00;8,828.75;10,451.50
Nov 7, 2024;Nov 8, 2024;19,644.00;2,011.75;15,126.50;5,010.75;1,468.00;-;143,652.50;39,520.00;159,686.50;8,450.75;14,530.00
Nov 8, 2024;Nov 9, 2024;19,622.75;1,999.00;30,420.00;4,273.25;1,583.75;-;143,652.75;35,889.00;147,859.75;3,064.50;14,688.00
Nov 9, 2024;Nov 10, 2024;19,413.25;1,958.75;10,490.25;8,008.00;1,589.00;-;142,675.00;35,473.75;119,020.50;3,862.50;15,605.00
Nov 10, 2024;Nov 11, 2024;19,026.00;1,950.00;2,555.75;7,844.25;1,533.25;-;128,130.00;21,769.25;99,471.00;2,361.00;15,445.25
Nov 11, 2024;Nov 12, 2024;18,984.50;1,950.75;50,624.75;8,718.25;1,502.00;-;127,686.50;46,912.75;134,489.75;2,783.25;16,957.50
Nov 12, 2024;Nov 13, 2024;19,449.25;1,980.25;53,967.25;6,808.75;1,546.00;-;135,593.50;38,049.50;151,572.50;3,998.25;17,326.75
Nov 13, 2024;Nov 14, 2024;19,710.25;1,974.50;21,385.00;4,952.75;1,595.50;-;150,571.75;42,866.75;157,444.50;6,164.25;16,923.50
Nov 14, 2024;Nov 15, 2024;19,707.75;1,985.50;28,340.00;6,209.75;1,465.75;-;143,962.00;48,565.75;143,219.75;3,303.50;16,918.50
Nov 15, 2024;Nov 16, 2024;20,004.75;1,971.25;9,587.00;6,653.25;1,677.75;-;146,882.00;43,200.75;139,871.25;5,752.50;15,096.50
Nov 16, 2024;Nov 17, 2024;19,993.50;1,942.25;61,900.00;9,219.00;1,774.75;-;112,588.25;17,630.25;71,854.00;3,200.50;14,041.00
Nov 17, 2024;Nov 18, 2024;19,552.50;1,951.25;140,204.00;9,393.75;1,658.25;-;50,324.50;11,588.25;49,433.00;963.75;14,545.50
Nov 18, 2024;Nov 19, 2024;19,957.25;2,017.25;79,627.00;13,015.75;1,633.50;-;96,149.25;35,692.25;84,068.25;3,840.75;12,711.00
Nov 19, 2024;Nov 20, 2024;19,558.25;2,122.50;138,938.00;4,158.75;1,648.50;-;140,268.50;33,593.75;109,996.25;4,588.50;12,150.75
Nov 20, 2024;Nov 21, 2024;19,305.75;2,154.50;149,039.00;9,077.75;1,508.00;-;142,852.75;31,559.75;68,844.75;2,654.25;12,501.25
Nov 21, 2024;Nov 22, 2024;19,514.50;2,047.25;87,483.00;9,456.75;1,555.75;-;143,512.25;32,636.50;126,550.75;7,162.00;13,091.50
Nov 22, 2024;Nov 23, 2024;19,896.50;2,033.00;174,438.75;6,072.25;1,555.25;-;137,618.00;34,027.00;77,183.00;2,811.00;14,255.25
Nov 23, 2024;Nov 24, 2024;19,685.50;1,969.75;153,430.25;7,625.75;1,553.50;-;58,292.75;7,148.50;53,063.75;997.75;13,947.00
Nov 24, 2024;Nov 25, 2024;18,888.50;1,968.75;206,514.50;13,140.50;1,519.50;-;36,499.00;1,126.50;34,594.75;3,377.00;14,149.50
Nov 25, 2024;Nov 26, 2024;19,515.50;2,013.75;165,913.75;8,591.75;1,512.25;-;81,348.25;11,057.00;77,446.25;2,727.50;14,761.75
Nov 26, 2024;Nov 27, 2024;19,832.50;2,246.50;86,131.00;12,216.00;1,571.50;-;130,812.25;35,812.25;120,452.50;1,367.00;14,508.75
Nov 27, 2024;Nov 28, 2024;19,865.00;2,203.75;148,727.75;9,348.50;1,632.75;-;127,844.25;24,602.00;91,054.00;5,734.00;14,031.25
Nov 28, 2024;Nov 29, 2024;19,865.25;2,466.75;110,429.50;11,010.00;1,622.00;-;121,123.00;26,234.25;96,099.50;719.25;14,251.50
Nov 29, 2024;Nov 30, 2024;20,449.00;2,489.00;39,736.25;17,429.50;1,636.00;-;140,791.75;35,032.75;116,959.25;4,358.75;14,204.50
Nov 30, 2024;Dec 1, 2024;20,230.75;2,283.25;68,212.50;22,435.25;1,637.25;-;139,737.75;27,199.75;61,641.00;2,330.75;14,385.00
Dec 1, 2024;Dec 2, 2024;20,076.50;1,967.25;69,666.75;15,406.00;1,541.00;-;140,023.75;18,471.25;48,546.25;899.00;15,045.00
Dec 2, 2024;Dec 3, 2024;20,203.50;1,797.75;99,871.25;5,373.50;1,578.50;-;133,317.00;29,413.00;115,187.00;4,905.25;15,097.25
Dec 3, 2024;Dec 4, 2024;20,230.00;2,055.50;76,489.00;8,124.00;1,479.00;-;143,626.25;38,902.25;143,956.75;4,071.50;16,262.75
Dec 4, 2024;Dec 5, 2024;20,917.75;1,977.75;29,308.50;7,393.25;1,533.50;-;148,796.50;36,226.50;148,975.25;7,083.25;14,790.75
Dec 5, 2024;Dec 6, 2024;20,293.25;1,899.50;138,897.50;7,140.00;1,550.75;-;131,736.50;41,313.50;98,386.50;211.25;15,545.75
Dec 6, 2024;Dec 7, 2024;20,604.00;2,235.00;213,518.25;6,010.00;1,628.00;-;93,464.25;28,153.50;38,519.50;7,759.25;15,097.50
Dec 7, 2024;Dec 8, 2024;20,213.50;2,301.00;170,648.50;3,859.25;1,713.00;-;87,049.75;7,351.25;32,445.00;1,433.50;14,596.25
Dec 8, 2024;Dec 9, 2024;20,340.75;2,213.50;81,341.00;8,170.75;1,690.00;-;112,548.25;13,790.50;56,817.75;5,327.25;16,200.50
Dec 9, 2024;Dec 10, 2024;19,972.25;2,191.25;132,223.00;3,017.00;1,593.00;-;115,225.50;32,722.25;84,620.25;3,089.50;16,214.00
Dec 10, 2024;Dec 11, 2024;20,643.00;2,115.50;96,802.50;2,043.75;1,560.75;-;144,378.50;34,183.50;133,887.75;2,033.25;15,770.25
Dec 11, 2024;Dec 12, 2024;21,347.25;2,009.00;14,998.25;2,279.00;1,615.25;-;150,508.00;37,078.25;176,962.75;5,043.75;15,981.25
Dec 12, 2024;Dec 13, 2024;21,245.25;1,938.25;4,144.50;3,045.25;1,554.25;-;147,516.50;37,794.00;179,507.00;9,494.50;18,071.00
Dec 13, 2024;Dec 14, 2024;21,537.50;1,821.00;17,555.75;4,342.50;1,623.00;-;115,711.25;37,700.50;175,647.00;5,751.50;16,015.00
Dec 14, 2024;Dec 15, 2024;21,026.50;1,766.75;68,645.00;3,596.50;1,672.25;-;107,921.50;36,791.00;70,557.75;2,529.75;16,598.00
Dec 15, 2024;Dec 16, 2024;20,321.50;1,725.75;157,000.00;4,596.00;1,580.25;-;58,388.00;24,146.50;49,576.75;2,662.50;16,891.25
Dec 16, 2024;Dec 17, 2024;19,996.75;1,686.25;186,388.25;5,693.25;1,550.00;-;72,677.75;25,129.75;63,265.75;3,228.50;9,475.00
Dec 17, 2024;Dec 18, 2024;20,648.75;1,679.50;72,476.50;5,977.75;1,613.00;-;118,474.25;28,817.00;105,018.50;5,154.00;9,926.00
Dec 18, 2024;Dec 19, 2024;20,268.75;1,668.50;190,542.50;6,327.25;1,608.00;-;50,122.00;2,930.50;72,643.00;4,627.00;10,743.00
Dec 19, 2024;Dec 20, 2024;20,467.50;1,775.75;201,955.75;3,282.50;1,598.00;-;38,183.25;1,580.00;46,267.75;7,138.50;15,274.75
Dec 20, 2024;Dec 21, 2024;20,807.25;2,025.75;134,966.00;9,151.00;1,665.25;-;54,694.00;12,502.50;52,063.00;8,475.50;14,814.75
Dec 21, 2024;Dec 22, 2024;19,871.50;1,934.25;197,096.50;5,684.50;1,578.75;-;38,289.50;4,911.75;32,692.25;3,739.50;13,627.75
Dec 22, 2024;Dec 23, 2024;19,657.25;2,127.50;169,601.00;5,057.75;1,512.75;-;42,425.75;1,497.00;26,970.25;4,580.50;14,931.50
Dec 23, 2024;Dec 24, 2024;19,794.00;2,123.25;123,549.75;7,757.50;1,539.25;-;60,900.25;1,612.75;47,999.00;1,110.50;14,462.75
Dec 24, 2024;Dec 25, 2024;20,267.00;2,101.50;49,499.75;5,153.50;1,632.75;-;79,739.00;13,869.25;52,052.50;4,692.75;14,594.75
Dec 25, 2024;Dec 26, 2024;20,020.50;2,042.00;16,939.75;7,136.50;1,563.75;-;79,627.75;11,495.00;30,957.75;1,047.25;14,998.50
Dec 26, 2024;Dec 27, 2024;20,110.75;1,999.50;25,997.25;12,804.50;1,521.25;-;85,237.00;19,102.25;57,203.25;1,654.75;12,925.25
Dec 27, 2024;Dec 28, 2024;20,284.00;1,895.25;25,229.00;13,488.25;1,559.00;-;85,894.50;19,904.75;113,018.25;5,365.25;14,654.50
Dec 28, 2024;Dec 29, 2024;20,187.50;1,832.50;8,601.75;15,820.75;1,601.50;-;85,910.75;19,542.25;100,944.75;3,523.50;14,343.00
Dec 29, 2024;Dec 30, 2024;19,965.75;1,786.00;24,861.25;4,982.25;1,586.50;-;83,970.75;21,656.25;86,260.75;2,436.25;14,753.75
Dec 30, 2024;Dec 31, 2024;20,489.00;1,724.00;60,843.50;4,490.00;1,528.75;-;76,321.50;36,870.00;101,676.50;2,654.25;14,129.75
Dec 31, 2024;Jan 1, 2025;20,320.50;1,704.00;79,951.75;7,581.00;1,456.00;-;76,308.00;15,697.25;87,443.50;2,704.00;14,861.50
