Start date;End date;Biomass [MWh] Calculated resolutions;Hydropower [MWh] Calculated resolutions;Wind offshore [MWh] Calculated resolutions;Wind onshore [MWh] Calculated resolutions;Photovoltaics [MWh] Calculated resolutions;Other renewable [MWh] Calculated resolutions;Nuclear [MWh] Calculated resolutions;Lignite [MWh] Calculated resolutions;Hard coal [MWh] Calculated resolutions;Fossil gas [MWh] Calculated resolutions;Hydro pumped storage [MWh] Calculated resolutions;Other conventional [MWh] Calculated resolutions
Jan 1, 2025;Jan 2, 2025;45,690.25;17,953.50;38,142.75;374,339.25;23,370.50;924.75;-;0.00;6,235.50;26,614.75;101.25;5,826.00
Jan 2, 2025;Jan 3, 2025;48,905.75;19,064.75;102,003.75;201,708.25;10,610.25;917.00;-;0.00;7,938.25;52,250.50;5,091.75;6,118.25
Jan 3, 2025;Jan 4, 2025;48,348.75;18,561.50;69,513.25;260,667.50;7,608.25;955.75;-;0.00;8,758.75;62,553.25;2,889.50;6,090.00
Jan 4, 2025;Jan 5, 2025;50,610.50;19,699.00;33,398.75;107,727.25;7,992.25;977.00;-;0.00;24,054.50;62,394.25;5,747.50;4,723.00
Jan 5, 2025;Jan 6, 2025;48,647.75;18,861.00;90,736.75;211,298.75;1,964.25;932.50;-;0.00;8,316.25;37,341.00;1,576.75;4,711.00
Jan 6, 2025;Jan 7, 2025;46,468.00;20,447.75;93,497.25;405,379.00;15,347.00;922.25;-;0.00;7,122.50;29,253.75;2,893.75;4,707.00
Jan 7, 2025;Jan 8, 2025;47,347.50;21,510.75;67,205.25;384,429.75;13,951.25;923.50;-;0.00;7,089.25;46,446.25;5,394.75;4,140.00
Jan 8, 2025;Jan 9, 2025;48,025.00;21,656.25;63,112.00;277,159.75;10,800.75;941.75;-;0.00;16,928.25;89,720.75;3,492.50;6,453.00
Jan 9, 2025;Jan 10, 2025;48,881.25;25,504.50;43,738.00;129,704.00;14,674.25;912.75;-;0.00;32,112.50;72,274.00;5,109.50;7,151.00
Jan 10, 2025;Jan 11, 2025;49,215.25;22,664.50;69,864.25;199,106.50;13,744.25;952.50;-;0.00;27,762.00;64,725.25;4,721.25;6,609.75
Jan 11, 2025;Jan 12, 2025;48,176.25;19,544.50;33,563.00;192,047.25;22,035.00;961.75;-;0.00;30,775.25;79,931.00;940.00;6,338.75
Jan 12, 2025;Jan 13, 2025;48,975.00;19,290.00;10,735.25;98,319.50;30,642.75;958.75;-;0.00;30,420.50;67,130.00;3,049.25;5,460.00
Jan 13, 2025;Jan 14, 2025;49,305.50;21,871.75;87,247.00;100,762.75;32,676.00;935.50;-;0.00;23,904.75;90,704.00;5,470.00;5,295.25
Jan 14, 2025;Jan 15, 2025;49,989.50;23,970.75;105,361.50;217,071.00;23,624.25;971.25;-;0.00;21,802.25;111,896.75;5,312.00;8,106.00
Jan 15, 2025;Jan 16, 2025;50,645.50;27,808.00;18,621.75;58,093.50;7,644.50;946.75;-;0.00;34,273.25;135,854.25;5,957.50;4,583.25
Jan 16, 2025;Jan 17, 2025;49,585.75;26,134.50;65,707.25;55,971.00;21,401.25;948.50;-;0.00;26,243.50;118,001.50;5,481.50;4,639.25
Jan 17, 2025;Jan 18, 2025;50,235.50;29,183.75;63,924.75;31,362.25;12,211.25;966.25;-;0.00;27,957.50;112,856.00;5,961.00;4,978.00
Jan 18, 2025;Jan 19, 2025;49,769.00;25,183.75;10,686.50;29,484.00;33,109.25;968.50;-;0.00;20,556.75;105,918.25;2,783.75;5,102.25
Jan 19, 2025;Jan 20, 2025;48,733.00;23,348.75;4,481.25;54,343.00;47,666.75;887.25;-;0.00;27,705.25;76,366.75;1,366.50;5,077.00
Jan 20, 2025;Jan 21, 2025;50,878.50;29,089.50;20,771.75;20,995.75;31,686.25;941.25;-;0.00;37,961.75;107,314.25;7,264.00;1,615.50
Jan 21, 2025;Jan 22, 2025;50,581.75;28,511.00;92,077.50;39,773.00;27,434.50;962.25;-;0.00;31,052.75;118,485.50;5,615.00;5,079.25
Jan 22, 2025;Jan 23, 2025;50,340.50;25,410.00;22,423.75;107,361.75;28,369.00;947.75;-;0.00;39,282.00;113,373.75;4,072.00;4,860.50
Jan 23, 2025;Jan 24, 2025;49,942.00;20,617.25;71,182.00;260,860.25;12,764.25;933.50;-;0.00;26,217.75;86,383.25;1,999.50;5,629.00
Jan 24, 2025;Jan 25, 2025;49,054.75;19,254.00;95,197.25;353,419.75;25,387.25;925.50;-;0.00;18,713.75;54,451.75;2,336.75;4,659.50
Jan 25, 2025;Jan 26, 2025;50,296.75;17,851.50;86,253.00;161,017.25;21,009.00;843.75;-;0.00;17,858.00;42,021.75;5,803.75;5,256.00
Jan 26, 2025;Jan 27, 2025;49,381.75;16,861.50;51,739.50;108,448.50;16,756.00;918.00;-;0.00;15,159.75;34,726.50;1,304.50;5,161.00
Jan 27, 2025;Jan 28, 2025;48,272.00;17,796.25;107,149.00;329,404.25;20,270.25;917.00;-;0.00;12,482.50;29,736.25;3,326.75;5,087.00
Jan 28, 2025;Jan 29, 2025;49,448.75;21,207.50;117,438.75;202,951.25;16,037.25;922.25;-;0.00;17,770.50;49,676.00;5,183.50;4,954.00
Jan 29, 2025;Jan 30, 2025;48,644.25;22,684.75;83,684.75;265,840.50;24,792.75;924.75;-;0.00;23,223.00;55,146.75;4,107.25;6,684.25
Jan 30, 2025;Jan 31, 2025;49,434.50;21,958.50;75,438.00;125,498.25;30,162.50;946.25;-;0.00;34,917.75;85,896.25;5,020.25;3,598.75
Jan 31, 2025;Feb 1, 2025;49,530.50;22,134.25;50,045.50;138,685.75;33,778.25;939.75;-;0.00;33,315.25;76,621.50;4,669.50;3,756.25
Feb 1, 2025;Feb 2, 2025;49,176.75;22,033.00;2,742.25;28,161.25;54,629.50;956.25;-;0.00;36,014.25;64,340.50;3,537.75;3,493.00
Feb 2, 2025;Feb 3, 2025;48,847.25;21,194.25;15,774.00;17,912.75;53,933.75;962.25;-;0.00;35,484.25;61,010.00;3,165.75;3,682.00
Feb 3, 2025;Feb 4, 2025;50,098.00;23,728.25;32,554.25;20,957.00;35,772.50;841.75;-;0.00;35,385.50;109,756.50;6,499.75;4,838.25
Feb 4, 2025;Feb 5, 2025;50,010.75;24,329.50;110,362.25;93,774.25;23,802.00;886.50;-;0.00;23,846.50;100,779.75;4,673.50;3,675.75
Feb 5, 2025;Feb 6, 2025;50,331.00;24,293.50;64,955.25;110,673.00;25,185.00;961.50;-;0.00;29,398.50;109,697.75;4,192.00;3,664.00
Feb 6, 2025;Feb 7, 2025;50,273.75;23,303.25;43,831.75;73,002.25;20,974.00;942.75;-;0.00;37,542.25;109,487.25;4,428.75;3,165.25
Feb 7, 2025;Feb 8, 2025;48,852.25;20,034.00;123,022.75;296,474.50;31,205.50;950.00;-;0.00;13,295.50;50,374.50;2,790.25;4,680.00
Feb 8, 2025;Feb 9, 2025;49,523.75;20,028.75;101,574.00;187,544.25;62,483.50;949.75;-;0.00;12,798.00;51,130.50;2,622.75;4,657.00
Feb 9, 2025;Feb 10, 2025;49,774.50;18,717.25;89,720.75;124,873.00;44,820.75;957.00;-;0.00;16,612.75;74,762.25;1,990.25;4,656.00
Feb 10, 2025;Feb 11, 2025;49,819.75;18,810.25;103,396.25;256,204.00;34,284.50;946.50;-;0.00;19,345.50;60,295.50;3,444.00;4,600.00
Feb 11, 2025;Feb 12, 2025;49,079.50;23,551.00;74,565.75;262,186.00;22,213.25;942.75;-;0.00;25,328.25;94,792.25;5,553.50;4,377.00
Feb 12, 2025;Feb 13, 2025;50,062.75;22,772.00;122,564.00;165,006.25;17,864.25;919.75;-;0.00;18,971.75;90,597.00;3,889.25;3,087.00
Feb 13, 2025;Feb 14, 2025;51,182.00;28,013.25;51,010.50;68,029.50;11,756.50;934.25;-;0.00;32,270.50;105,798.25;5,488.25;3,072.00
Feb 14, 2025;Feb 15, 2025;50,996.50;27,893.25;5,391.50;24,869.75;12,316.50;968.50;-;0.00;35,327.75;120,739.50;6,050.25;3,264.00
Feb 15, 2025;Feb 16, 2025;50,395.25;22,494.25;11,621.25;8,507.50;25,071.75;974.00;-;0.00;36,585.75;74,223.25;3,216.50;6,165.50
Feb 16, 2025;Feb 17, 2025;49,476.50;18,868.50;46,404.75;85,133.00;40,193.75;974.50;-;0.00;33,249.25;63,631.00;1,804.50;6,752.25
Feb 17, 2025;Feb 18, 2025;50,952.00;20,520.50;6,078.50;35,739.25;77,316.00;979.00;-;0.00;32,437.50;103,595.75;5,788.25;6,773.75
Feb 18, 2025;Feb 19, 2025;50,004.00;20,105.50;43,490.50;81,237.00;85,730.50;956.75;-;0.00;29,132.75;91,282.75;3,935.50;3,413.00
Feb 19, 2025;Feb 20, 2025;49,903.00;18,736.00;130,856.25;247,397.00;90,820.50;959.50;-;0.00;17,073.75;50,040.75;3,021.00;4,363.25
Feb 20, 2025;Feb 21, 2025;50,454.00;18,163.75;122,902.75;185,140.75;44,765.00;929.75;-;0.00;14,421.50;48,407.25;4,834.50;3,552.00
Feb 21, 2025;Feb 22, 2025;49,819.75;17,220.25;122,708.50;191,830.25;66,184.50;920.75;-;0.00;7,723.00;36,626.50;3,251.75;3,552.00
Feb 22, 2025;Feb 23, 2025;49,363.00;17,229.75;99,958.50;182,160.25;57,794.50;887.00;-;0.00;7,248.75;23,140.25;4,630.25;3,889.00
Feb 23, 2025;Feb 24, 2025;48,763.75;16,163.25;91,801.50;127,222.00;49,132.75;877.00;-;0.00;7,654.50;22,974.50;3,872.50;3,336.00
Feb 24, 2025;Feb 25, 2025;47,884.25;16,094.25;118,059.00;279,140.00;44,012.25;908.75;-;0.00;7,430.75;26,287.25;4,851.50;3,721.75
Feb 25, 2025;Feb 26, 2025;49,617.00;18,590.25;39,151.50;54,075.50;47,054.00;882.50;-;0.00;22,417.75;86,666.50;5,677.50;6,503.50
Feb 26, 2025;Feb 27, 2025;49,259.75;18,156.25;17,323.25;52,940.50;21,927.75;854.00;-;0.00;25,445.50;94,492.75;4,383.00;3,580.00
Feb 27, 2025;Feb 28, 2025;48,936.00;18,323.50;37,798.00;77,417.00;39,102.75;893.75;-;0.00;23,045.00;92,710.25;3,031.75;4,476.00
Feb 28, 2025;Mar 1, 2025;48,664.25;17,651.75;29,234.50;40,807.00;33,745.25;902.50;-;0.00;21,846.00;105,803.25;3,745.25;4,789.00
Mar 1, 2025;Mar 2, 2025;49,194.25;17,548.75;12,937.75;26,492.75;46,460.75;876.00;-;0.00;21,424.00;56,803.50;4,295.00;4,866.00
Mar 2, 2025;Mar 3, 2025;48,075.75;17,808.00;54,375.50;78,934.00;86,896.75;869.75;-;0.00;17,907.00;43,815.00;3,862.25;4,632.00
Mar 3, 2025;Mar 4, 2025;48,957.75;16,724.75;85,479.75;123,849.25;98,700.50;866.25;-;0.00;12,484.75;59,106.75;5,386.50;4,849.00
Mar 4, 2025;Mar 5, 2025;48,906.00;16,457.00;81,891.50;117,628.75;92,379.00;868.00;-;0.00;11,323.00;67,349.25;4,501.50;3,922.00
Mar 5, 2025;Mar 6, 2025;48,310.00;15,942.00;108,275.75;192,218.75;100,744.25;872.75;-;0.00;8,553.75;50,426.75;3,273.00;3,732.00
Mar 6, 2025;Mar 7, 2025;48,806.25;17,729.75;66,080.25;99,710.25;105,091.25;865.50;-;0.00;12,724.75;51,505.25;6,197.75;3,771.00
Mar 7, 2025;Mar 8, 2025;49,054.00;17,052.00;35,529.25;58,296.50;104,322.00;870.00;-;0.00;13,361.50;56,294.50;5,733.00;4,932.75
Mar 8, 2025;Mar 9, 2025;47,791.50;15,580.50;36,605.00;73,150.25;102,102.75;869.75;-;0.00;11,173.25;49,841.75;2,423.75;5,528.00
Mar 9, 2025;Mar 10, 2025;47,681.50;14,853.00;44,443.50;68,241.00;100,428.75;815.50;-;0.00;9,979.50;34,789.00;2,696.50;5,339.75
Mar 10, 2025;Mar 11, 2025;48,416.00;13,764.25;18,656.25;27,779.75;72,363.75;858.75;-;0.00;19,725.75;66,927.75;4,575.50;5,725.75
Mar 11, 2025;Mar 12, 2025;48,248.25;14,871.75;37,237.50;36,535.25;63,313.25;871.00;-;0.00;23,473.00;78,254.75;5,866.50;4,804.00
Mar 12, 2025;Mar 13, 2025;48,716.25;15,705.25;22,220.00;49,957.75;41,582.75;875.25;-;0.00;23,027.00;74,454.00;5,095.50;4,793.00
Mar 13, 2025;Mar 14, 2025;49,265.75;16,478.00;54,722.25;38,601.50;41,471.50;854.75;-;0.00;23,404.25;75,147.25;4,228.00;4,312.00
Mar 14, 2025;Mar 15, 2025;49,628.50;17,291.25;45,565.00;52,918.50;41,703.75;867.75;-;0.00;22,987.25;60,676.00;3,821.50;6,030.25
Mar 15, 2025;Mar 16, 2025;48,599.25;15,851.75;16,800.25;103,115.75;58,640.25;887.25;-;0.00;7,933.00;25,949.25;3,930.25;5,707.75
Mar 16, 2025;Mar 17, 2025;48,093.00;15,243.50;44,959.25;103,144.25;86,373.50;948.00;-;0.00;7,832.50;26,975.50;3,281.75;4,037.00
Mar 17, 2025;Mar 18, 2025;48,537.50;15,084.50;46,351.50;115,097.00;100,087.25;944.75;-;0.00;10,341.50;37,746.50;4,867.00;3,993.50
Mar 18, 2025;Mar 19, 2025;48,717.25;15,775.50;5,578.50;57,372.25;125,485.00;945.25;-;0.00;9,217.25;44,458.00;4,667.25;4,342.50
Mar 19, 2025;Mar 20, 2025;49,100.75;16,385.50;7,601.00;37,347.25;125,198.25;932.75;-;0.00;8,808.25;61,486.75;5,202.50;4,502.00
Mar 20, 2025;Mar 21, 2025;48,764.50;16,287.50;12,078.75;39,553.50;118,684.25;840.00;-;0.00;8,130.50;66,569.75;4,724.25;4,536.50
Mar 21, 2025;Mar 22, 2025;47,524.75;15,169.75;54,857.00;157,009.75;115,159.75;838.00;-;0.00;6,118.00;36,538.00;4,726.50;4,683.25
Mar 22, 2025;Mar 23, 2025;45,773.50;14,610.25;44,392.00;302,282.00;94,653.00;883.50;-;0.00;3,628.00;14,206.25;552.00;4,364.00
Mar 23, 2025;Mar 24, 2025;47,582.50;14,735.75;72,850.50;138,666.25;70,485.00;903.50;-;0.00;8,143.75;30,052.50;5,278.50;4,978.00
Mar 24, 2025;Mar 25, 2025;48,622.25;15,267.25;6,726.25;23,918.00;61,209.50;925.50;-;0.00;21,917.50;77,659.50;6,499.50;5,570.00
Mar 25, 2025;Mar 26, 2025;47,905.25;15,865.25;61,984.75;98,357.75;75,963.25;926.75;-;0.00;16,493.50;52,785.75;3,219.50;5,617.00
Mar 26, 2025;Mar 27, 2025;48,297.50;16,836.50;45,186.25;114,769.75;48,632.50;934.50;-;0.00;16,058.25;41,752.50;3,870.00;4,580.00
Mar 27, 2025;Mar 28, 2025;47,667.50;15,928.50;85,872.25;59,672.50;94,431.75;948.50;-;0.00;10,368.00;35,896.25;4,613.00;2,478.75
Mar 28, 2025;Mar 29, 2025;47,588.00;16,616.50;65,435.00;76,271.25;125,294.50;939.25;-;0.00;11,220.75;36,246.50;4,895.75;2,832.00
Mar 29, 2025;Mar 30, 2025;47,358.25;16,339.50;31,324.75;88,739.25;74,530.50;938.00;-;0.00;10,374.00;23,935.25;3,682.00;2,404.00
Mar 30, 2025;Mar 31, 2025;43,047.25;18,511.50;63,310.75;320,438.00;59,357.50;830.75;-;0.00;2,093.00;11,182.00;610.75;1,370.00
Mar 31, 2025;Apr 1, 2025;48,297.00;20,282.00;51,703.25;155,137.75;62,060.00;920.50;-;0.00;9,528.75;40,269.75;4,491.00;2,312.00
Apr 1, 2025;Apr 2, 2025;47,926.00;20,438.00;16,935.00;96,489.50;103,865.00;899.25;-;0.00;14,206.50;44,641.25;3,954.75;2,710.00
Apr 2, 2025;Apr 3, 2025;46,910.75;19,412.00;65,280.75;177,308.50;112,809.00;873.75;-;0.00;7,981.75;21,225.25;4,148.50;2,704.00
Apr 3, 2025;Apr 4, 2025;47,104.50;20,212.75;45,899.50;105,593.75;138,321.75;848.75;-;0.00;5,090.00;35,995.00;5,177.00;2,728.00
Apr 4, 2025;Apr 5, 2025;47,079.25;19,518.25;26,197.75;48,162.25;138,583.75;909.00;-;0.00;4,572.00;43,196.00;5,573.75;4,078.25
Apr 5, 2025;Apr 6, 2025;45,540.50;18,315.75;51,709.50;139,195.25;117,688.50;892.25;-;0.00;3,633.75;13,453.75;5,359.25;3,969.00
Apr 6, 2025;Apr 7, 2025;45,070.25;18,175.50;22,804.25;68,054.50;136,589.75;974.25;-;0.00;3,796.75;19,625.75;3,641.50;3,890.00
Apr 7, 2025;Apr 8, 2025;46,411.25;17,802.00;8,582.00;48,152.75;139,346.25;967.75;-;0.00;16,014.75;36,466.25;4,697.50;4,094.00
Apr 8, 2025;Apr 9, 2025;46,732.50;19,077.25;1,602.75;18,211.25;130,935.25;946.25;-;0.00;19,096.25;37,629.00;5,604.00;4,076.25
Apr 9, 2025;Apr 10, 2025;46,749.75;17,040.25;49,701.50;66,801.00;96,252.25;944.75;-;0.00;16,989.50;27,681.75;3,714.00;4,774.00
Apr 10, 2025;Apr 11, 2025;47,029.25;17,112.00;45,926.25;90,460.50;108,460.75;877.00;-;0.00;14,099.00;31,964.00;5,724.25;6,720.25
Apr 11, 2025;Apr 12, 2025;46,738.00;17,464.50;31,606.75;172,381.00;133,123.50;863.25;-;0.00;7,191.50;26,026.75;5,870.25;4,315.75
Apr 12, 2025;Apr 13, 2025;46,012.00;16,476.50;33,887.75;53,129.25;139,545.50;865.00;-;0.00;4,346.25;25,630.25;5,340.25;6,813.25
Apr 13, 2025;Apr 14, 2025;45,354.75;15,650.75;77,126.50;196,192.50;71,115.25;833.50;-;0.00;7,441.00;21,792.50;2,147.75;4,681.75
Apr 14, 2025;Apr 15, 2025;47,252.50;17,207.50;30,572.25;60,897.75;112,891.50;813.00;-;0.00;16,649.00;30,391.00;4,618.75;4,504.00
Apr 15, 2025;Apr 16, 2025;45,861.25;17,478.25;75,556.00;194,083.50;114,428.75;817.75;-;0.00;2,666.00;24,967.50;5,012.00;5,371.00
Apr 16, 2025;Apr 17, 2025;45,686.50;18,055.50;22,976.00;74,213.75;106,995.00;745.00;-;0.00;14,834.50;23,971.00;4,437.50;6,291.00
Apr 17, 2025;Apr 18, 2025;46,978.50;21,318.75;20,013.25;165,698.25;67,417.25;867.50;-;0.00;17,890.00;29,499.50;5,471.50;6,228.25
Apr 18, 2025;Apr 19, 2025;46,542.00;21,077.75;28,516.50;113,323.25;30,212.75;911.25;-;0.00;19,694.25;24,015.00;2,294.75;5,032.00
Apr 19, 2025;Apr 20, 2025;45,888.25;20,027.50;34,412.25;34,110.25;109,133.75;881.00;-;0.00;10,441.25;20,475.25;3,870.75;4,464.00
Apr 20, 2025;Apr 21, 2025;45,228.25;18,278.75;20,169.25;44,126.75;110,730.50;840.75;-;0.00;11,472.25;17,109.25;3,855.25;4,296.00
Apr 21, 2025;Apr 22, 2025;44,728.25;17,495.25;2,609.75;18,218.50;94,819.50;806.50;-;0.00;19,007.25;22,867.00;4,622.25;4,344.00
Apr 22, 2025;Apr 23, 2025;45,322.25;18,846.25;3,528.00;26,757.25;95,925.50;809.50;-;0.00;19,548.50;34,322.50;5,118.25;4,370.75
Apr 23, 2025;Apr 24, 2025;45,333.25;18,376.50;24,733.75;35,437.00;110,443.50;841.50;-;0.00;19,817.25;32,647.25;3,201.25;5,994.50
Apr 24, 2025;Apr 25, 2025;46,083.75;20,644.25;42,939.50;76,995.50;62,600.75;899.75;-;0.00;20,854.75;21,244.75;3,099.25;5,481.75
Apr 25, 2025;Apr 26, 2025;46,159.25;21,228.50;5,829.50;34,624.25;63,063.75;914.25;-;0.00;17,031.00;22,613.25;4,593.75;5,276.00
Apr 26, 2025;Apr 27, 2025;45,167.50;20,111.00;9,401.50;88,858.50;133,244.50;867.25;-;0.00;2,939.75;17,347.00;4,161.25;5,115.75
Apr 27, 2025;Apr 28, 2025;44,321.50;17,793.75;29,651.75;72,585.25;141,332.50;866.00;-;0.00;4,118.00;15,404.75;4,093.75;4,943.25
Apr 28, 2025;Apr 29, 2025;45,574.25;18,529.25;9,249.75;19,901.50;153,740.75;789.00;-;0.00;4,269.75;20,800.25;4,764.75;5,435.75
Apr 29, 2025;Apr 30, 2025;45,112.50;19,392.25;4,146.25;32,692.75;149,512.25;708.75;-;0.00;8,780.25;18,357.25;3,858.50;5,333.00
Apr 30, 2025;May 1, 2025;44,668.75;19,593.75;1,008.25;18,738.00;150,968.75;645.25;-;0.00;9,147.25;19,018.75;4,832.00;5,088.25
May 1, 2025;May 2, 2025;43,570.25;18,291.50;5,284.25;30,143.25;145,043.25;621.25;-;0.00;6,109.75;16,966.25;4,003.00;5,169.00
May 2, 2025;May 3, 2025;43,578.75;19,670.00;25,550.75;78,799.50;129,300.50;594.25;-;0.00;3,991.25;12,725.25;4,128.50;5,250.25
May 3, 2025;May 4, 2025;43,737.00;19,606.00;52,579.25;95,426.75;90,144.25;672.25;-;0.00;3,416.75;13,526.00;4,397.00;4,716.00
May 4, 2025;May 5, 2025;42,913.75;19,297.50;79,578.75;163,024.00;83,041.50;756.75;-;0.00;2,539.00;18,660.00;1,828.00;4,208.00
May 5, 2025;May 6, 2025;43,864.50;24,979.75;59,324.75;108,242.25;87,273.00;799.25;-;0.00;2,859.75;31,309.25;4,713.75;4,720.00
May 6, 2025;May 7, 2025;44,249.00;26,156.25;68,289.25;98,992.00;128,806.75;718.00;-;0.00;3,156.25;28,087.75;5,004.75;4,193.25
May 7, 2025;May 8, 2025;45,130.50;24,738.00;24,711.75;56,731.25;121,547.50;758.00;-;0.00;3,127.50;33,366.50;4,435.50;4,138.00
May 8, 2025;May 9, 2025;45,481.50;24,360.00;13,003.25;68,795.00;109,855.25;787.50;-;0.00;3,030.75;35,900.50;3,796.00;5,008.00
May 9, 2025;May 10, 2025;44,682.00;22,592.50;3,831.50;55,348.75;157,978.75;795.00;-;0.00;3,411.25;34,301.25;4,219.75;4,385.25
May 10, 2025;May 11, 2025;44,126.25;20,167.25;2,710.25;31,809.50;156,837.75;699.75;-;0.00;5,198.75;22,674.00;4,482.00;4,322.00
May 11, 2025;May 12, 2025;42,938.00;19,164.75;38,773.25;96,578.50;152,501.00;682.50;-;0.00;5,260.75;17,798.00;3,600.50;4,624.00
May 12, 2025;May 13, 2025;43,819.25;19,671.75;89,800.25;148,141.75;166,050.50;710.50;-;0.00;4,521.50;21,531.25;5,479.25;4,993.00
May 13, 2025;May 14, 2025;44,000.50;19,723.50;31,926.00;70,344.75;164,890.75;733.50;-;0.00;3,011.50;30,358.25;4,994.75;5,086.75
May 14, 2025;May 15, 2025;43,071.50;18,685.25;47,507.75;99,935.50;155,796.00;733.50;-;0.00;2,988.00;26,802.50;3,183.25;5,424.00
May 15, 2025;May 16, 2025;43,863.25;18,616.00;55,249.25;133,903.25;140,277.75;709.00;-;0.00;4,412.00;21,908.00;4,170.50;5,719.75
May 16, 2025;May 17, 2025;44,768.50;18,277.50;54,012.50;110,059.75;125,324.50;776.50;-;0.00;3,020.50;23,634.00;5,176.25;5,495.00
May 17, 2025;May 18, 2025;44,072.50;17,856.25;35,118.00;120,113.00;118,470.00;750.50;-;0.00;2,915.75;18,779.25;4,290.75;4,734.00
May 18, 2025;May 19, 2025;43,466.75;17,341.75;14,618.00;83,788.00;114,731.50;725.00;-;0.00;2,253.00;22,770.25;3,556.50;5,033.00
May 19, 2025;May 20, 2025;44,291.50;17,760.50;8,003.00;26,288.50;149,435.25;632.00;-;0.00;3,011.50;26,843.75;5,782.75;5,475.00
May 20, 2025;May 21, 2025;44,222.50;17,874.00;32,914.50;44,679.75;155,299.00;702.00;-;0.00;3,309.25;23,958.00;3,304.25;5,512.00
May 21, 2025;May 22, 2025;43,322.00;17,680.00;83,423.50;201,882.00;119,721.75;747.50;-;0.00;7,745.75;14,476.00;3,703.75;7,622.25
May 22, 2025;May 23, 2025;43,594.00;19,385.25;81,829.50;235,685.25;88,068.00;720.75;-;0.00;4,321.25;21,753.25;3,206.25;9,421.25
May 23, 2025;May 24, 2025;44,452.00;20,754.50;76,837.00;154,968.50;126,291.75;741.75;-;0.00;2,350.75;22,097.75;5,157.75;7,681.00
May 24, 2025;May 25, 2025;44,204.75;18,505.75;61,184.75;143,297.50;131,481.75;764.25;-;0.00;1,600.25;16,935.25;5,393.75;7,599.00
May 25, 2025;May 26, 2025;42,546.25;15,959.25;87,895.00;198,816.00;54,992.50;803.50;-;0.00;1,549.00;11,630.25;4,207.25;7,360.00
May 26, 2025;May 27, 2025;43,679.50;18,969.50;78,279.00;134,121.50;126,960.75;793.50;-;0.00;2,131.25;20,186.75;5,778.25;6,904.00
May 27, 2025;May 28, 2025;43,606.50;21,698.75;58,515.75;216,492.50;92,866.50;814.50;-;0.00;2,000.50;16,648.50;3,549.25;6,217.00
May 28, 2025;May 29, 2025;44,179.50;21,168.50;15,896.00;194,653.25;69,546.50;808.00;-;0.00;2,085.50;21,357.00;5,571.50;7,041.00
May 29, 2025;May 30, 2025;43,616.00;25,426.75;61,942.00;100,701.75;113,610.75;810.25;-;0.00;1,550.75;20,825.00;5,674.00;7,408.75
May 30, 2025;May 31, 2025;43,039.75;24,716.25;88,553.75;183,034.50;128,312.75;753.00;-;0.00;1,844.75;18,153.50;4,957.75;6,967.75
May 31, 2025;Jun 1, 2025;43,062.50;23,242.50;6,008.50;21,417.75;142,125.25;704.25;-;0.00;1,966.00;21,122.75;6,035.50;7,438.75
Jun 1, 2025;Jun 2, 2025;41,717.25;23,061.75;38,609.00;116,478.00;101,417.25;695.00;-;0.00;1,707.75;21,379.00;3,985.50;7,652.50
Jun 2, 2025;Jun 3, 2025;43,463.50;25,517.50;42,066.50;87,238.50;96,514.75;701.25;-;0.00;2,081.25;21,688.00;6,882.00;7,657.75
Jun 3, 2025;Jun 4, 2025;42,717.50;27,456.50;81,985.00;81,174.25;131,268.50;753.50;-;0.00;3,857.25;20,362.00;5,138.00;4,298.00
Jun 4, 2025;Jun 5, 2025;42,118.50;26,052.00;74,291.00;119,544.50;100,430.50;695.75;-;0.00;7,945.25;17,109.75;5,047.00;5,249.25
Jun 5, 2025;Jun 6, 2025;43,405.25;26,882.25;69,362.25;133,660.00;90,754.50;745.50;-;0.00;4,028.50;13,477.75;5,864.50;9,258.50
Jun 6, 2025;Jun 7, 2025;43,146.00;26,399.25;72,306.75;266,331.00;106,957.75;730.50;-;0.00;1,791.50;12,660.25;4,538.75;7,331.75
Jun 7, 2025;Jun 8, 2025;43,836.75;25,755.25;11,759.75;101,604.00;74,785.50;781.75;-;0.00;1,704.50;17,689.75;5,136.50;8,639.50
Jun 8, 2025;Jun 9, 2025;41,976.00;25,211.50;24,882.50;180,758.00;83,629.25;791.25;-;0.00;1,528.25;18,210.25;2,695.00;8,132.25
Jun 9, 2025;Jun 10, 2025;43,513.25;26,440.00;33,949.50;106,827.50;139,030.00;787.00;-;0.00;1,673.75;19,270.75;6,341.00;8,003.75
Jun 10, 2025;Jun 11, 2025;43,615.75;23,802.50;116,269.00;223,269.00;101,301.00;705.75;-;0.00;1,450.50;16,597.50;3,570.75;7,896.00
Jun 11, 2025;Jun 12, 2025;44,398.75;24,332.50;19,890.50;98,460.50;158,162.00;731.25;-;0.00;1,871.00;17,202.25;5,759.50;7,684.00
Jun 12, 2025;Jun 13, 2025;43,398.00;24,443.25;50,816.00;118,637.50;171,728.75;740.00;-;0.00;1,534.00;13,233.50;3,964.00;7,573.00
Jun 13, 2025;Jun 14, 2025;42,669.25;23,806.75;80,166.00;191,819.75;172,626.00;717.25;-;0.00;1,708.50;12,989.25;5,318.50;7,946.25
Jun 14, 2025;Jun 15, 2025;41,613.75;24,085.25;57,083.75;129,878.00;161,843.25;683.50;-;0.00;3,714.50;20,687.50;5,145.50;8,016.00
Jun 15, 2025;Jun 16, 2025;41,435.25;24,102.50;32,667.00;70,817.25;94,528.50;633.00;-;0.00;3,531.25;20,319.75;3,782.00;8,492.25
Jun 16, 2025;Jun 17, 2025;42,786.00;27,417.50;31,154.00;97,426.50;126,307.25;752.00;-;0.00;3,091.25;22,648.00;4,778.50;8,259.00
Jun 17, 2025;Jun 18, 2025;43,140.25;27,816.50;38,702.75;32,099.75;163,301.25;759.50;-;0.00;2,818.75;18,885.50;5,080.50;8,301.00
Jun 18, 2025;Jun 19, 2025;42,891.50;25,888.75;19,866.25;60,603.00;154,943.75;754.75;-;0.00;2,254.25;20,078.75;4,967.75;8,096.00
Jun 19, 2025;Jun 20, 2025;41,924.25;22,356.50;25,327.75;102,127.00;156,118.25;708.50;-;0.00;3,653.00;20,326.75;4,211.25;7,856.00
Jun 20, 2025;Jun 21, 2025;43,103.75;22,236.75;1,800.25;30,327.75;177,100.75;715.00;-;0.00;3,420.25;15,548.00;6,576.00;1,318.00
Jun 21, 2025;Jun 22, 2025;42,372.00;22,803.00;4,547.25;19,694.50;165,605.25;729.75;-;0.00;4,357.75;20,202.00;5,121.25;6,945.00
Jun 22, 2025;Jun 23, 2025;40,541.25;20,558.00;44,494.00;78,265.00;146,671.75;686.00;-;0.00;5,848.00;17,177.25;5,681.50;6,744.00
Jun 23, 2025;Jun 24, 2025;40,771.00;20,581.00;58,541.25;265,090.25;108,752.75;584.50;-;0.00;2,798.75;18,210.25;4,273.50;6,724.00
Jun 24, 2025;Jun 25, 2025;41,437.00;19,491.00;71,959.00;265,362.00;126,247.50;559.00;-;0.00;3,194.00;9,781.75;5,424.75;6,639.00
Jun 25, 2025;Jun 26, 2025;41,886.00;23,605.50;26,153.25;154,795.00;144,710.00;532.75;-;0.00;4,831.75;18,659.25;6,535.00;6,838.00
Jun 26, 2025;Jun 27, 2025;41,007.25;22,497.75;43,373.75;134,058.00;103,889.50;544.50;-;0.00;2,190.75;21,869.75;4,158.00;6,883.25
Jun 27, 2025;Jun 28, 2025;42,028.50;22,074.75;70,178.25;169,443.75;96,947.25;575.00;-;0.00;2,114.75;21,132.75;4,308.25;8,087.00
Jun 28, 2025;Jun 29, 2025;41,529.00;19,405.75;92,139.75;155,329.50;134,446.25;554.00;-;0.00;1,291.50;18,169.50;4,441.00;8,518.00
Jun 29, 2025;Jun 30, 2025;41,204.75;17,918.50;33,776.75;112,728.00;148,292.25;522.25;-;0.00;2,464.25;18,854.25;4,718.25;8,416.00
Jun 30, 2025;Jul 1, 2025;42,139.75;20,957.75;9,105.00;31,636.00;165,031.50;490.75;-;0.00;1,947.25;26,155.75;6,824.50;7,860.75
Jul 1, 2025;Jul 2, 2025;40,512.68;23,291.32;35,488.72;57,630.74;163,604.68;455.55;-;0.00;11,828.00;37,779.00;4,151.50;7,023.00
Jul 2, 2025;Jul 3, 2025;39,002.53;22,702.10;33,527.52;89,864.26;146,604.34;492.80;-;0.00;7,973.00;33,332.00;3,903.75;9,287.00
Jul 3, 2025;Jul 4, 2025;40,830.56;23,772.43;38,825.83;150,759.67;124,316.15;502.57;-;0.00;10,118.50;19,996.50;4,581.50;7,294.00
Jul 4, 2025;Jul 5, 2025;41,644.62;20,878.80;61,841.99;60,739.09;147,824.49;543.80;-;0.00;14,252.75;11,742.25;4,389.50;7,166.00
Jul 5, 2025;Jul 6, 2025;40,838.30;19,349.65;76,005.26;164,784.82;126,880.28;558.44;-;0.00;1,657.25;10,589.00;3,443.75;6,941.00
Jul 6, 2025;Jul 7, 2025;41,387.78;19,233.03;30,647.79;115,408.17;95,387.98;559.50;-;0.00;5,413.25;9,384.25;4,428.50;7,184.00
Jul 7, 2025;Jul 8, 2025;41,856.50;21,325.85;68,265.33;84,348.29;92,310.32;553.91;-;0.00;11,059.00;10,386.50;5,372.75;6,450.75
Jul 8, 2025;Jul 9, 2025;41,366.79;23,360.20;81,404.97;148,622.44;98,192.05;653.88;-;0.00;12,942.75;11,624.75;2,925.00;7,039.75
Jul 9, 2025;Jul 10, 2025;41,960.99;24,984.93;21,844.69;115,328.54;111,446.47;654.20;-;0.00;14,543.75;19,636.00;5,294.00;5,897.75
Jul 10, 2025;Jul 11, 2025;42,281.87;22,602.74;11,795.23;43,873.55;123,037.38;623.16;-;0.00;17,298.50;26,493.75;5,309.25;5,624.00
Jul 11, 2025;Jul 12, 2025;42,069.95;20,836.25;22,944.78;61,812.38;124,171.66;645.83;-;0.00;17,072.00;15,353.75;4,623.75;6,225.00
Jul 12, 2025;Jul 13, 2025;41,305.28;20,395.12;41,367.33;75,879.68;94,709.29;667.69;-;0.00;7,849.25;19,320.50;4,971.50;6,388.00
Jul 13, 2025;Jul 14, 2025;40,808.16;18,959.05;19,817.18;32,267.18;119,696.10;614.07;-;0.00;5,466.25;18,399.50;4,688.50;9,423.50
Jul 14, 2025;Jul 15, 2025;41,345.64;19,261.56;3,047.03;35,917.80;105,616.26;615.71;-;0.00;14,755.00;21,369.25;5,111.00;8,536.00
Jul 15, 2025;Jul 16, 2025;41,223.51;18,789.04;35,996.87;85,260.81;101,172.64;610.57;-;0.00;15,380.50;12,685.00;2,833.75;8,313.00
Jul 16, 2025;Jul 17, 2025;42,242.32;20,470.79;13,320.16;67,586.75;96,611.46;641.96;-;0.00;17,300.75;13,678.50;4,729.00;8,910.75
Jul 17, 2025;Jul 18, 2025;42,074.84;24,607.08;55,712.14;121,978.53;89,410.18;686.47;-;0.00;15,254.00;21,118.00;2,563.25;8,054.00
Jul 18, 2025;Jul 19, 2025;42,785.83;25,012.13;2,378.16;14,183.51;119,057.77;651.66;-;0.00;16,159.00;24,063.25;5,260.50;8,368.00
Jul 19, 2025;Jul 20, 2025;41,859.13;23,131.13;27,752.23;49,332.08;159,112.12;634.51;-;0.00;7,127.50;15,505.00;4,776.00;8,479.00
Jul 20, 2025;Jul 21, 2025;41,280.94;23,667.88;43,990.32;74,460.21;132,785.24;599.21;-;0.00;5,960.00;17,093.00;3,184.25;9,558.00
Jul 21, 2025;Jul 22, 2025;42,879.35;24,056.22;13,560.60;51,283.28;56,368.71;607.43;-;0.00;17,949.25;23,708.00;5,227.25;9,355.75
Jul 22, 2025;Jul 23, 2025;42,133.26;28,294.57;13,915.24;128,253.82;94,140.58;568.94;-;0.00;11,576.75;14,406.00;3,034.00;9,274.50
Jul 23, 2025;Jul 24, 2025;42,490.70;27,999.26;77,510.72;205,246.87;116,825.04;572.13;-;0.00;4,396.75;14,358.75;5,461.50;8,533.50
Jul 24, 2025;Jul 25, 2025;43,016.76;27,840.05;21,840.66;39,434.47;80,467.70;603.46;-;0.00;16,465.25;38,445.50;5,619.25;9,063.75
Jul 25, 2025;Jul 26, 2025;42,790.90;29,381.16;28,945.76;47,933.83;92,283.74;595.39;-;0.00;18,685.00;34,638.25;2,907.75;8,163.00
Jul 26, 2025;Jul 27, 2025;42,676.45;29,602.61;11,660.63;22,276.31;96,255.77;604.50;-;0.00;15,758.50;25,285.50;3,470.25;8,338.00
Jul 27, 2025;Jul 28, 2025;41,752.37;28,565.28;24,524.94;43,154.34;88,321.30;594.66;-;0.00;6,869.00;17,591.25;3,310.25;8,566.00
Jul 28, 2025;Jul 29, 2025;42,461.68;28,823.41;33,842.19;105,930.33;89,900.73;566.86;-;0.00;8,741.00;20,173.25;3,366.25;9,003.00
Jul 29, 2025;Jul 30, 2025;42,892.07;26,536.29;83,484.29;132,791.20;110,689.26;571.40;-;0.00;15,560.75;14,551.75;7,647.75;7,864.00
Jul 30, 2025;Jul 31, 2025;42,929.82;27,308.30;123,580.79;179,245.42;80,364.78;613.96;-;0.00;9,032.75;26,361.25;4,243.25;7,832.00
Jul 31, 2025;Aug 1, 2025;43,049.58;29,993.96;82,240.23;160,745.17;91,659.22;601.76;-;0.00;8,944.25;20,437.50;3,694.00;8,060.50
Aug 1, 2025;Aug 2, 2025;43,788.58;29,635.27;30,200.87;75,620.52;96,505.62;635.09;-;0.00;9,422.00;15,728.50;4,089.25;8,525.50
Aug 2, 2025;Aug 3, 2025;42,986.55;29,754.20;98,237.87;88,673.33;88,083.26;687.89;-;0.00;3,553.25;12,629.75;4,827.50;7,768.75
Aug 3, 2025;Aug 4, 2025;42,070.50;27,682.33;92,484.18;146,283.29;73,352.14;607.25;-;0.00;960.75;12,107.50;3,297.00;7,512.00
Aug 4, 2025;Aug 5, 2025;43,330.01;29,968.95;80,326.16;161,286.26;77,868.45;606.63;-;0.00;1,443.50;18,901.25;3,968.00;8,828.00
Aug 5, 2025;Aug 6, 2025;41,246.70;26,154.88;111,527.17;219,478.27;103,161.74;593.08;-;0.00;1,713.50;14,207.75;6,113.50;8,616.00
Aug 6, 2025;Aug 7, 2025;43,140.84;29,833.54;69,392.53;134,776.65;131,214.36;626.99;-;0.00;8,530.00;10,801.75;7,832.25;8,459.75
Aug 7, 2025;Aug 8, 2025;43,558.51;30,239.27;49,972.60;53,686.11;139,343.76;629.25;-;0.00;17,532.25;13,004.50;5,406.25;9,194.50
Aug 8, 2025;Aug 9, 2025;42,851.44;28,876.94;31,101.52;73,056.01;137,079.07;603.67;-;0.00;16,187.50;16,779.00;4,836.25;9,697.25
Aug 9, 2025;Aug 10, 2025;42,122.81;27,498.06;29,494.90;48,171.36;131,965.92;508.27;-;0.00;6,462.25;23,849.50;4,878.00;8,946.00
Aug 10, 2025;Aug 11, 2025;41,299.69;23,630.01;28,193.37;77,548.95;137,749.83;487.59;-;0.00;1,219.00;19,516.25;5,148.00;7,628.00
Aug 11, 2025;Aug 12, 2025;42,038.37;25,819.50;4,010.80;20,746.32;154,302.39;568.05;-;0.00;6,773.75;34,564.50;5,318.50;9,491.75
Aug 12, 2025;Aug 13, 2025;41,510.71;26,458.03;23,016.03;60,596.89;129,522.53;610.31;-;0.00;15,108.75;37,153.75;3,944.75;7,576.25
Aug 13, 2025;Aug 14, 2025;41,741.31;25,848.45;19,238.07;57,576.60;137,281.82;565.27;-;0.00;15,557.50;47,139.50;4,464.00;8,550.25
Aug 14, 2025;Aug 15, 2025;41,090.79;25,343.38;22,425.63;27,822.10;128,720.10;612.92;-;0.00;16,373.25;53,052.25;4,716.75;7,585.00
Aug 15, 2025;Aug 16, 2025;41,385.46;22,605.12;29,461.85;69,965.42;131,296.69;610.18;-;0.00;12,450.00;32,713.50;3,918.25;7,015.00
Aug 16, 2025;Aug 17, 2025;41,488.76;22,043.12;83,915.74;133,087.71;99,358.13;608.30;-;0.00;6,667.00;10,392.50;4,202.00;7,049.00
Aug 17, 2025;Aug 18, 2025;41,716.54;21,951.07;43,083.65;47,387.65;124,213.90;645.09;-;0.00;5,455.75;20,472.00;3,348.00;7,056.00
Aug 18, 2025;Aug 19, 2025;42,413.94;23,083.14;1,365.26;19,494.47;151,263.02;686.03;-;0.00;15,395.50;37,189.75;5,103.50;7,572.00
Aug 19, 2025;Aug 20, 2025;41,488.08;22,883.79;21,695.41;38,813.80;147,649.80;726.39;-;0.00;2,631.25;31,637.25;3,908.50;7,628.00
Aug 20, 2025;Aug 21, 2025;41,705.66;22,884.10;41,200.56;61,882.37;122,935.48;730.91;-;0.00;2,008.75;32,376.00;3,444.25;6,909.00
Aug 21, 2025;Aug 22, 2025;41,829.76;22,748.12;60,691.01;100,096.69;95,611.19;761.03;-;0.00;2,082.75;37,645.25;2,122.50;7,901.00
Aug 22, 2025;Aug 23, 2025;42,308.64;27,315.84;82,865.53;138,898.38;102,381.60;778.95;-;0.00;1,933.50;12,556.25;3,670.75;7,667.50
Aug 23, 2025;Aug 24, 2025;41,934.89;25,533.73;77,814.41;126,760.19;90,520.49;743.70;-;0.00;1,477.50;17,628.50;2,439.50;7,573.00
Aug 24, 2025;Aug 25, 2025;41,858.58;23,303.45;28,808.35;71,784.70;102,388.83;774.56;-;0.00;1,268.25;20,970.00;3,610.25;7,395.00
Aug 25, 2025;Aug 26, 2025;42,015.52;23,008.14;10,197.29;52,966.07;120,269.53;718.30;-;0.00;2,275.25;29,001.75;4,583.00;7,610.00
Aug 26, 2025;Aug 27, 2025;41,771.47;23,573.48;27,306.12;34,061.66;133,099.63;656.56;-;0.00;3,149.50;25,993.50;3,884.25;8,095.00
Aug 27, 2025;Aug 28, 2025;41,440.45;24,411.07;26,594.02;82,035.02;111,192.60;645.25;-;0.00;3,306.00;42,135.25;3,771.75;8,261.25
Aug 28, 2025;Aug 29, 2025;41,948.77;23,831.99;14,293.29;38,985.21;59,183.48;675.42;-;0.00;4,705.00;60,316.00;3,133.00;8,004.50
Aug 29, 2025;Aug 30, 2025;42,097.94;27,169.27;41,815.62;69,091.77;106,923.04;719.38;-;0.00;2,983.25;42,363.75;4,120.50;7,600.00
Aug 30, 2025;Aug 31, 2025;41,614.93;27,070.89;43,435.78;85,032.44;95,783.21;722.89;-;0.00;1,873.75;27,895.75;4,110.75;6,844.00
Aug 31, 2025;Sep 1, 2025;40,997.98;22,858.30;67,574.39;90,430.23;111,308.48;702.18;-;0.00;1,904.50;25,821.25;2,864.25;6,757.00
Sep 1, 2025;Sep 2, 2025;42,153.05;24,390.93;22,243.42;65,531.72;64,163.14;693.29;-;0.00;4,394.75;42,938.00;4,047.75;8,081.75
Sep 2, 2025;Sep 3, 2025;42,757.21;23,702.63;36,569.99;61,431.69;81,604.77;816.67;-;0.00;5,611.25;55,235.75;2,841.00;6,183.00
Sep 3, 2025;Sep 4, 2025;41,217.22;22,103.42;89,272.65;218,628.19;99,356.65;774.19;-;0.00;7,680.25;28,116.25;2,385.75;5,749.00
Sep 4, 2025;Sep 5, 2025;41,911.85;22,990.40;69,574.77;140,890.16;110,792.19;724.00;-;0.00;4,439.75;36,459.25;4,780.50;6,019.00
Sep 5, 2025;Sep 6, 2025;42,412.30;22,924.17;39,014.93;76,876.79;74,341.87;798.33;-;0.00;2,506.75;49,888.50;2,328.25;5,389.00
Sep 6, 2025;Sep 7, 2025;42,831.26;24,024.82;8,235.64;19,222.48;128,645.38;710.53;-;0.00;1,267.50;31,393.25;3,193.50;9,184.75
Sep 7, 2025;Sep 8, 2025;41,265.77;19,176.51;84,318.24;159,266.91;113,698.57;637.15;-;0.00;966.25;16,724.50;2,269.00;4,947.00
Sep 8, 2025;Sep 9, 2025;43,476.35;23,514.73;58,026.86;105,704.50;95,734.86;643.06;-;0.00;3,232.25;40,890.00;5,213.50;5,117.00
Sep 9, 2025;Sep 10, 2025;43,322.11;26,378.73;15,750.83;29,855.85;56,286.51;674.75;-;0.00;5,540.50;70,891.25;3,776.50;5,545.00
Sep 10, 2025;Sep 11, 2025;43,503.60;23,293.70;17,200.23;19,949.05;44,205.00;710.36;-;0.00;4,829.00;65,160.00;3,737.75;5,666.75
Sep 11, 2025;Sep 12, 2025;42,856.95;21,728.44;106,942.34;179,944.05;69,824.62;695.55;-;0.00;1,912.50;16,915.00;3,870.75;5,086.00
Sep 12, 2025;Sep 13, 2025;42,722.59;20,587.33;101,450.43;226,606.09;79,291.55;663.41;-;0.00;2,015.75;21,830.50;4,912.00;4,654.75
Sep 13, 2025;Sep 14, 2025;42,840.26;20,021.50;107,081.39;163,685.64;91,570.79;638.05;-;0.00;1,230.50;16,580.50;4,565.75;4,803.00
Sep 14, 2025;Sep 15, 2025;43,294.59;19,026.59;45,749.44;100,102.59;85,738.80;645.48;-;0.00;1,323.50;24,227.75;6,598.00;4,753.00
Sep 15, 2025;Sep 16, 2025;40,942.11;17,954.07;100,137.40;343,044.31;84,448.72;603.80;-;0.00;3,061.25;10,461.75;4,338.25;4,577.00
Sep 16, 2025;Sep 17, 2025;41,083.82;19,507.94;97,484.89;336,255.07;69,723.89;636.42;-;0.00;4,608.25;12,642.00;5,305.00;4,865.50
Sep 17, 2025;Sep 18, 2025;43,681.04;19,990.18;118,669.00;220,764.24;73,897.69;656.10;-;0.00;2,591.75;22,844.25;5,264.00;5,247.75
Sep 18, 2025;Sep 19, 2025;42,918.83;18,652.02;116,232.86;257,316.69;99,204.15;618.70;-;0.00;2,054.00;19,516.00;5,327.75;5,458.00
Sep 19, 2025;Sep 20, 2025;43,930.36;18,643.94;80,456.11;130,334.75;118,022.19;617.96;-;0.00;2,129.75;35,968.50;6,085.25;5,841.00
Sep 20, 2025;Sep 21, 2025;43,018.28;17,706.17;95,282.30;142,199.06;103,298.90;624.42;-;0.00;1,904.00;15,193.25;5,168.50;5,982.00
Sep 21, 2025;Sep 22, 2025;41,626.60;15,705.88;105,006.53;224,337.06;64,590.70;618.64;-;0.00;1,195.00;19,325.25;2,573.00;5,743.00
Sep 22, 2025;Sep 23, 2025;44,209.75;17,075.51;90,392.89;123,261.69;47,635.04;673.41;-;0.00;1,896.75;34,600.00;3,369.00;6,258.00
Sep 23, 2025;Sep 24, 2025;44,746.91;20,751.74;32,654.54;86,419.30;68,692.60;726.37;-;0.00;3,990.25;54,756.75;3,984.50;6,197.00
Sep 24, 2025;Sep 25, 2025;44,113.45;18,878.22;56,165.03;228,725.90;54,178.49;768.27;-;0.00;5,870.25;35,235.00;3,840.75;6,345.75
Sep 25, 2025;Sep 26, 2025;44,593.32;20,201.84;94,308.18;265,461.04;46,989.11;773.81;-;0.00;7,657.00;27,783.75;5,737.25;5,933.00
Sep 26, 2025;Sep 27, 2025;45,456.74;19,871.77;107,321.30;172,153.99;46,641.80;768.88;-;0.00;4,037.00;44,727.25;4,435.75;6,088.00
Sep 27, 2025;Sep 28, 2025;45,344.92;19,472.58;48,720.77;73,895.94;51,224.34;765.85;-;0.00;2,399.00;41,101.50;3,096.50;6,240.25
Sep 28, 2025;Sep 29, 2025;44,943.91;17,225.96;10,713.02;37,095.12;78,058.00;766.03;-;0.00;1,380.75;57,988.00;2,457.75;5,678.00
Sep 29, 2025;Sep 30, 2025;46,030.48;17,345.38;6,862.00;42,630.12;73,114.83;773.27;-;0.00;2,100.25;91,072.50;4,222.75;6,069.75
Sep 30, 2025;Oct 1, 2025;46,149.78;17,326.46;15,924.09;55,641.16;54,272.79;788.36;-;0.00;12,492.25;82,882.00;4,399.00;6,033.50
Oct 1, 2025;Oct 2, 2025;46,192.92;18,990.86;35,732.46;73,620.75;96,233.47;817.85;-;0.00;13,580.25;86,233.00;4,153.50;7,355.50
Oct 2, 2025;Oct 3, 2025;46,535.18;17,809.55;71,229.13;86,434.93;96,448.04;840.35;-;0.00;6,886.75;66,255.25;4,612.75;7,577.00
Oct 3, 2025;Oct 4, 2025;44,531.00;17,254.90;105,024.29;220,184.93;94,843.44;838.98;-;0.00;3,026.25;24,587.75;5,384.00;7,778.00
Oct 4, 2025;Oct 5, 2025;42,111.39;14,875.70;78,188.04;345,467.21;33,622.32;786.40;-;0.00;2,676.25;12,435.00;1,375.00;7,106.00
Oct 5, 2025;Oct 6, 2025;41,881.23;15,425.67;71,005.79;355,518.89;39,775.34;806.50;-;0.00;2,692.75;12,438.50;4,101.50;6,719.00
Oct 6, 2025;Oct 7, 2025;43,802.54;20,043.33;50,359.21;223,883.51;25,508.13;809.73;-;0.00;11,135.00;42,816.50;4,182.75;6,345.00
Oct 7, 2025;Oct 8, 2025;44,818.10;24,151.55;48,152.99;60,200.79;23,635.89;745.11;-;0.00;15,135.00;80,777.25;4,968.00;7,048.75
Oct 8, 2025;Oct 9, 2025;44,722.68;23,330.52;35,839.24;51,213.73;42,896.88;773.84;-;0.00;15,197.00;95,994.50;5,018.75;7,628.00
Oct 9, 2025;Oct 10, 2025;44,555.61;22,991.68;72,266.09;101,828.74;39,372.10;790.28;-;0.00;14,958.75;87,948.25;3,399.75;7,834.00
Oct 10, 2025;Oct 11, 2025;44,874.04;20,870.37;69,495.67;171,001.34;29,262.29;803.30;-;0.00;13,189.25;55,905.00;3,243.25;8,203.00
Oct 11, 2025;Oct 12, 2025;45,020.68;18,178.71;38,184.55;115,990.31;31,220.37;796.96;-;0.00;14,735.50;25,595.00;2,716.25;8,236.00
Oct 12, 2025;Oct 13, 2025;44,642.40;16,485.28;53,772.45;88,637.31;28,407.35;774.80;-;0.00;17,818.00;25,258.25;1,846.00;8,463.00
Oct 13, 2025;Oct 14, 2025;46,513.68;19,562.90;16,775.03;14,487.29;39,860.57;750.82;-;0.00;24,487.00;78,630.00;6,008.00;8,456.00
Oct 14, 2025;Oct 15, 2025;46,292.27;18,576.91;46,487.68;45,959.62;57,347.61;755.96;-;0.00;24,865.00;100,542.50;3,902.50;5,929.00
Oct 15, 2025;Oct 16, 2025;46,636.95;19,471.78;45,504.00;37,938.90;39,783.16;794.57;-;1.25;21,839.49;104,281.55;5,013.64;5,967.89
Oct 16, 2025;Oct 17, 2025;46,729.38;17,952.61;102,002.61;105,943.98;41,376.96;835.30;-;1.25;8,037.81;78,214.80;3,482.32;5,872.83
Oct 17, 2025;Oct 18, 2025;47,044.43;16,842.70;75,723.15;108,051.54;35,477.44;879.37;-;1.25;13,060.33;77,763.97;3,044.07;5,362.60
Oct 18, 2025;Oct 19, 2025;46,877.25;14,634.89;20,695.80;52,622.57;75,960.35;918.93;-;1.25;14,737.14;57,457.51;2,343.00;4,695.59
Oct 19, 2025;Oct 20, 2025;45,603.67;13,398.39;92,548.72;205,171.06;61,029.56;926.97;-;1.25;3,978.85;18,072.04;2,386.85;7,034.63
Oct 20, 2025;Oct 21, 2025;47,051.47;15,242.48;113,482.10;220,278.90;32,982.26;883.79;-;1.25;7,760.42;24,167.55;4,894.12;7,561.11
Oct 21, 2025;Oct 22, 2025;45,554.06;15,511.06;105,215.06;286,617.93;42,575.24;866.31;-;1.25;8,388.76;26,018.70;2,532.76;9,429.09
Oct 22, 2025;Oct 23, 2025;47,471.36;16,299.36;77,675.45;123,211.18;30,003.02;824.52;-;1.25;13,292.57;78,672.18;4,608.65;11,667.82
Oct 23, 2025;Oct 24, 2025;45,347.54;15,776.17;74,079.84;278,190.88;20,761.00;821.79;-;1.25;8,822.31;19,751.81;2,193.40;11,149.40
Oct 24, 2025;Oct 25, 2025;44,604.04;16,632.99;75,486.56;432,316.28;35,433.07;831.30;-;1.25;4,966.19;14,311.52;4,632.87;6,916.03
Oct 25, 2025;Oct 26, 2025;45,361.13;14,772.01;115,352.42;383,181.59;23,263.62;859.21;-;1.25;3,324.00;12,420.79;4,104.05;7,013.31
Oct 26, 2025;Oct 27, 2025;45,601.47;15,469.49;118,461.53;406,138.54;32,837.08;896.51;-;1.30;1,608.50;5,927.73;1,952.25;1,004.51
Oct 27, 2025;Oct 28, 2025;46,502.34;16,202.62;94,720.57;324,434.52;24,662.58;774.84;-;1.25;5,835.81;21,792.32;5,112.19;6,981.15
Oct 28, 2025;Oct 29, 2025;46,116.31;18,505.47;105,443.97;347,359.97;23,908.83;754.21;-;1.25;5,438.92;21,354.27;3,788.13;9,157.27
Oct 29, 2025;Oct 30, 2025;47,401.97;17,654.25;108,268.02;252,344.82;48,699.13;795.36;-;1.25;7,672.72;30,123.82;4,993.30;11,532.75
Oct 30, 2025;Oct 31, 2025;46,624.06;16,510.24;69,617.24;272,839.51;51,963.31;796.69;-;1.25;4,865.45;31,465.33;3,472.18;11,519.27
Oct 31, 2025;Nov 1, 2025;47,649.53;17,428.96;89,526.56;137,633.44;53,325.98;845.98;-;1.25;4,099.15;40,613.32;3,119.94;7,564.56
Nov 1, 2025;Nov 2, 2025;46,068.03;16,964.07;113,084.63;233,326.13;35,465.71;814.16;-;1.25;3,252.80;22,376.84;1,655.72;7,451.22
Nov 2, 2025;Nov 3, 2025;47,048.36;16,285.98;71,230.14;146,476.41;16,351.96;753.44;-;1.25;3,912.30;33,679.35;3,962.49;7,673.22
Nov 3, 2025;Nov 4, 2025;46,082.02;19,639.00;91,625.95;251,114.18;38,063.66;726.66;-;1.25;4,093.15;43,006.08;3,701.80;9,911.97
Nov 4, 2025;Nov 5, 2025;46,564.54;19,735.97;107,320.96;221,438.50;52,771.59;790.38;-;1.25;4,976.70;42,395.69;4,014.19;7,556.51
Nov 5, 2025;Nov 6, 2025;47,392.13;18,616.97;101,917.20;159,995.27;57,798.95;796.48;-;1.25;11,442.41;40,676.06;3,656.57;8,162.30
Nov 6, 2025;Nov 7, 2025;47,870.04;18,950.44;30,905.92;87,835.15;42,405.37;872.20;-;1.25;17,030.17;57,627.19;2,670.34;8,244.86
Nov 7, 2025;Nov 8, 2025;48,823.84;18,817.17;6,127.92;24,083.48;15,429.95;869.50;-;1.25;21,084.52;94,993.97;3,718.46;8,398.52
Nov 8, 2025;Nov 9, 2025;48,508.22;17,079.68;1,154.39;4,308.51;9,148.40;866.86;-;1.25;22,597.24;88,764.38;1,496.62;7,983.66
Nov 9, 2025;Nov 10, 2025;48,137.47;16,479.16;7,499.39;19,535.84;9,768.96;816.07;-;1.25;20,732.18;72,733.75;495.72;7,921.88
Nov 10, 2025;Nov 11, 2025;49,082.19;17,910.34;55,342.23;61,967.11;19,946.51;818.45;-;1.25;22,792.21;95,099.82;3,973.00;8,564.96
Nov 11, 2025;Nov 12, 2025;48,763.18;17,773.20;108,340.84;149,277.46;27,298.46;841.06;-;1.25;20,533.77;61,420.45;4,262.89;7,866.22
Nov 12, 2025;Nov 13, 2025;47,923.72;17,385.45;104,767.36;242,469.49;33,989.98;850.01;-;1.25;19,035.04;36,057.52;2,087.72;7,824.90
Nov 13, 2025;Nov 14, 2025;47,600.84;16,812.86;69,786.25;264,421.69;39,518.11;829.02;-;1.25;7,885.71;46,501.48;1,838.93;8,418.98
Nov 14, 2025;Nov 15, 2025;49,690.59;18,281.99;68,758.98;115,151.16;24,886.93;823.99;-;1.25;13,606.14;67,700.79;3,202.24;7,357.81
Nov 15, 2025;Nov 16, 2025;48,338.02;15,284.05;111,609.12;234,853.52;21,594.44;837.34;-;1.25;4,174.68;41,395.88;2,073.52;4,379.97
Nov 16, 2025;Nov 17, 2025;48,783.99;14,131.17;69,734.57;74,196.35;25,469.72;834.92;-;1.25;15,186.28;65,805.83;1,616.17;6,311.57
Nov 17, 2025;Nov 18, 2025;47,850.47;16,071.00;129,184.37;148,616.65;17,808.39;848.38;-;1.25;5,369.64;76,334.66;4,294.87;6,384.76
Nov 18, 2025;Nov 19, 2025;48,006.34;17,000.24;59,246.99;190,256.06;26,293.45;862.45;-;1.25;15,942.55;72,202.11;3,677.32;5,981.62
Nov 19, 2025;Nov 20, 2025;48,337.39;16,794.22;60,043.46;123,733.24;25,844.60;836.54;-;1.25;18,303.29;87,516.66;4,130.03;5,780.44
Nov 20, 2025;Nov 21, 2025;48,887.27;18,097.89;38,676.70;100,239.33;16,938.53;854.32;-;1.25;21,040.04;112,122.79;5,993.38;6,054.49
Nov 21, 2025;Nov 22, 2025;49,750.42;19,136.28;22,093.13;47,543.58;30,427.99;907.83;-;1.25;24,864.63;118,220.39;6,086.22;5,383.46
Nov 22, 2025;Nov 23, 2025;48,917.63;15,765.34;107,840.32;200,685.57;43,506.99;970.14;-;1.25;7,218.07;67,060.20;1,551.54;5,684.51
Nov 23, 2025;Nov 24, 2025;47,986.27;13,699.45;104,892.55;274,281.65;34,394.11;965.90;-;1.25;7,398.55;54,079.87;1,355.09;6,150.77
Nov 24, 2025;Nov 25, 2025;49,522.18;16,038.91;66,084.75;156,274.02;7,533.51;928.43;-;1.25;15,487.06;95,940.85;5,947.05;7,272.07
Nov 25, 2025;Nov 26, 2025;50,124.42;21,347.60;63,802.69;24,182.77;9,014.23;888.44;-;1.25;26,542.86;130,954.47;6,680.94;5,505.37
Nov 26, 2025;Nov 27, 2025;50,646.28;23,123.09;14,745.03;34,529.48;12,316.61;927.08;-;1.25;24,879.05;128,288.04;7,828.34;5,494.21
Nov 27, 2025;Nov 28, 2025;47,930.31;18,432.95;113,634.34;285,776.10;12,312.92;941.34;-;1.25;9,346.20;73,124.45;6,326.76;6,725.61
Nov 28, 2025;Nov 29, 2025;49,059.48;18,535.99;111,903.05;268,537.35;17,409.35;963.66;-;1.25;7,551.40;64,032.09;4,528.74;4,688.55
Nov 29, 2025;Nov 30, 2025;49,688.98;15,743.19;115,504.53;191,646.60;10,840.39;948.71;-;1.25;7,292.05;52,412.13;812.68;5,303.73
Nov 30, 2025;Dec 1, 2025;48,404.63;15,398.62;103,684.36;262,090.81;16,929.03;939.94;-;1.25;6,444.05;49,164.42;6,759.28;6,305.63
Dec 1, 2025;Dec 2, 2025;48,207.57;17,655.36;104,572.46;268,515.05;25,721.34;936.51;-;1.25;9,896.50;54,307.25;4,575.01;6,199.80
Dec 2, 2025;Dec 3, 2025;48,956.47;21,128.24;91,581.69;198,197.71;16,865.37;956.79;-;1.25;17,623.73;72,239.92;5,575.06;5,698.36
Dec 3, 2025;Dec 4, 2025;50,199.54;25,836.66;18,922.77;26,714.97;7,567.34;965.90;-;1.25;27,859.07;123,500.74;4,334.86;7,117.82
Dec 4, 2025;Dec 5, 2025;49,179.69;23,989.14;41,147.56;45,361.96;5,943.46;971.47;-;1.25;25,651.04;117,719.21;5,781.94;7,167.24
Dec 5, 2025;Dec 6, 2025;50,089.01;22,238.07;32,914.93;31,703.07;8,547.42;955.36;-;1.25;24,738.17;121,674.17;6,665.09;7,157.23
Dec 6, 2025;Dec 7, 2025;47,862.28;15,386.46;140,005.33;235,166.94;10,169.73;916.35;-;1.25;6,721.25;32,709.24;2,293.14;6,856.17
Dec 7, 2025;Dec 8, 2025;48,180.46;14,597.03;95,659.46;201,104.69;9,703.26;908.50;-;1.25;6,791.70;38,992.60;4,855.83;6,571.76
Dec 8, 2025;Dec 9, 2025;47,700.58;19,412.38;114,409.72;320,201.25;11,195.89;834.74;-;1.25;6,211.60;37,481.76;2,114.72;7,339.34
Dec 9, 2025;Dec 10, 2025;49,225.51;21,290.05;117,608.86;202,259.93;22,996.31;913.67;-;1.25;7,455.92;61,980.55;4,951.08;7,314.89
Dec 10, 2025;Dec 11, 2025;48,429.29;19,891.00;121,812.21;280,680.06;18,014.32;922.51;-;1.25;4,824.07;49,701.30;5,044.01;7,371.06
Dec 11, 2025;Dec 12, 2025;48,846.41;17,792.06;117,007.96;232,325.59;14,969.74;925.11;-;1.25;3,606.76;73,237.57;1,662.08;6,950.56
Dec 12, 2025;Dec 13, 2025;50,142.88;18,391.87;37,856.15;64,980.20;10,099.54;957.22;-;1.25;19,751.05;102,462.95;5,797.41;6,645.20
Dec 13, 2025;Dec 14, 2025;49,623.34;16,539.09;72,863.13;127,235.00;7,267.51;971.21;-;1.25;12,780.06;85,010.18;1,019.09;5,299.10
Dec 14, 2025;Dec 15, 2025;48,780.01;15,010.12;127,259.22;226,810.29;9,292.86;968.52;-;1.25;4,053.75;50,788.03;907.15;5,459.64
Dec 15, 2025;Dec 16, 2025;49,637.07;16,096.67;113,249.38;200,055.80;14,963.08;953.12;-;1.25;4,290.85;49,013.79;3,831.68;5,420.72
Dec 16, 2025;Dec 17, 2025;50,641.95;21,145.88;53,390.85;131,738.17;17,887.26;953.57;-;1.25;15,521.08;89,324.89;6,582.86;5,135.67
Dec 17, 2025;Dec 18, 2025;50,708.98;19,696.43;37,538.61;86,450.25;13,680.60;928.77;-;1.25;16,092.12;107,997.05;4,876.75;3,341.59
Dec 18, 2025;Dec 19, 2025;48,828.45;16,333.91;126,482.65;294,308.32;24,281.77;924.94;-;1.25;4,603.85;41,020.26;2,891.33;4,230.90
Dec 19, 2025;Dec 20, 2025;49,589.99;15,283.76;109,437.98;250,145.89;12,362.06;924.29;-;1.25;4,796.10;52,543.50;2,812.40;5,666.00
Dec 20, 2025;Dec 21, 2025;50,901.83;14,608.06;34,748.43;71,451.78;22,128.16;894.51;-;1.25;16,778.18;97,959.31;5,569.02;5,886.63
Dec 21, 2025;Dec 22, 2025;49,153.29;13,678.77;96,165.31;182,830.07;19,349.00;887.08;-;1.25;5,000.19;68,955.34;140.47;5,897.08
Dec 22, 2025;Dec 23, 2025;49,987.35;14,235.29;135,397.63;267,705.26;8,663.67;950.50;-;1.22;5,094.80;43,623.85;4,775.12;5,807.79
Dec 23, 2025;Dec 24, 2025;50,061.81;13,991.88;146,016.63;304,966.24;7,439.25;939.17;-;1.25;6,201.60;43,177.88;2,301.59;5,338.82
Dec 24, 2025;Dec 25, 2025;48,882.06;13,048.05;118,787.30;291,184.57;11,189.89;944.22;-;1.25;6,454.90;41,375.17;1,786.86;4,940.79
Dec 25, 2025;Dec 26, 2025;49,844.93;13,279.74;72,770.89;185,324.62;35,309.05;953.50;-;1.25;6,018.35;42,032.61;5,353.97;4,897.24
Dec 26, 2025;Dec 27, 2025;49,730.13;12,319.79;10,846.48;84,057.64;31,821.92;956.64;-;1.25;5,471.40;53,187.45;2,366.13;4,896.92
Dec 27, 2025;Dec 28, 2025;48,770.79;12,064.31;83,494.06;137,979.05;31,034.85;926.70;-;1.25;5,029.75;65,145.64;1,779.53;3,842.33
Dec 28, 2025;Dec 29, 2025;48,749.13;11,974.24;30,702.02;73,616.64;27,536.64;961.16;-;1.25;5,691.45;65,874.05;1,186.75;5,024.43
Dec 29, 2025;Dec 30, 2025;48,959.88;11,568.69;132,910.24;212,085.34;18,188.98;974.47;-;1.25;6,099.15;67,501.66;690.67;5,666.99
Dec 30, 2025;Dec 31, 2025;49,164.79;12,960.52;111,196.92;133,361.90;25,179.57;952.58;-;1.25;6,665.45;51,304.26;4,821.76;6,465.77
Dec 31, 2025;Jan 1, 2026;48,795.99;12,091.50;128,082.13;308,671.81;13,239.67;968.35;-;1.25;7,525.75;46,447.98;1,234.49;5,724.55
